Application_ID,Candidate_ID,Source_ID,Recruiter_ID,Department_ID,Job_Role
1,1,5,4,3,Software Engineer
2,2,1,6,2,Sales Manager
3,3,1,9,3,Marketing Associate
4,4,3,6,1,Software Engineer
5,5,4,9,6,Marketing Associate
6,6,3,4,4,Software Engineer
7,7,4,8,4,Sales Manager
8,8,2,9,1,Data Analyst
9,9,2,4,2,Sales Manager
10,10,5,5,4,Data Analyst
11,11,4,8,5,Data Analyst
12,12,5,10,4,Marketing Associate
13,13,1,6,5,Sales Manager
14,14,4,7,1,Software Engineer
15,15,3,3,1,Sales Manager
16,16,1,7,4,Marketing Associate
17,17,1,8,3,Data Analyst
18,18,3,10,5,Marketing Associate
19,19,1,6,2,HR Executive
20,20,4,10,4,HR Executive
21,21,5,9,2,Software Engineer
22,22,1,6,4,Marketing Associate
23,23,4,9,3,Software Engineer
24,24,2,4,3,Software Engineer
25,25,4,8,3,HR Executive
26,26,5,4,6,Software Engineer
27,27,4,2,3,HR Executive
28,28,3,10,1,Data Analyst
29,29,5,9,1,Marketing Associate
30,30,2,5,6,Software Engineer
31,31,3,4,5,HR Executive
32,32,4,2,2,Sales Manager
33,33,5,1,4,Software Engineer
34,34,2,7,4,Data Analyst
35,35,3,6,6,Data Analyst
36,36,2,2,1,Sales Manager
37,37,4,8,4,HR Executive
38,38,2,4,1,Software Engineer
39,39,1,8,5,HR Executive
40,40,3,7,2,Data Analyst
41,41,2,5,5,HR Executive
42,42,4,10,6,Data Analyst
43,43,4,10,3,HR Executive
44,44,2,8,3,Sales Manager
45,45,4,9,3,Marketing Associate
46,46,5,5,5,Sales Manager
47,47,5,10,4,Sales Manager
48,48,5,5,2,Marketing Associate
49,49,1,2,3,Marketing Associate
50,50,2,5,6,Software Engineer
51,51,1,3,6,Software Engineer
52,52,4,7,3,Sales Manager
53,53,1,10,3,Sales Manager
54,54,4,5,2,Data Analyst
55,55,4,8,3,Data Analyst
56,56,3,1,2,Software Engineer
57,57,5,3,6,Software Engineer
58,58,4,3,3,Data Analyst
59,59,3,9,5,Data Analyst
60,60,5,5,5,HR Executive
61,61,4,9,6,HR Executive
62,62,4,9,2,Data Analyst
63,63,1,1,5,HR Executive
64,64,1,2,2,Marketing Associate
65,65,5,5,5,Software Engineer
66,66,4,4,5,Software Engineer
67,67,2,10,2,Data Analyst
68,68,1,9,4,Sales Manager
69,69,5,7,5,Data Analyst
70,70,4,6,3,HR Executive
71,71,4,7,6,Sales Manager
72,72,2,1,4,HR Executive
73,73,5,1,2,Marketing Associate
74,74,4,8,4,HR Executive
75,75,1,2,1,Marketing Associate
76,76,2,10,1,Marketing Associate
77,77,5,9,5,HR Executive
78,78,2,7,5,HR Executive
79,79,1,6,3,Marketing Associate
80,80,5,1,6,Sales Manager
81,81,2,1,4,Marketing Associate
82,82,3,2,1,Software Engineer
83,83,1,6,5,Marketing Associate
84,84,1,6,6,Sales Manager
85,85,1,2,4,Software Engineer
86,86,3,1,5,Data Analyst
87,87,3,10,5,Data Analyst
88,88,4,5,1,Sales Manager
89,89,2,5,1,Marketing Associate
90,90,4,2,5,HR Executive
91,91,2,6,2,Sales Manager
92,92,3,9,5,Software Engineer
93,93,3,2,6,Software Engineer
94,94,4,10,5,Data Analyst
95,95,5,2,3,Software Engineer
96,96,4,3,3,Sales Manager
97,97,2,7,3,Software Engineer
98,98,4,6,2,Sales Manager
99,99,1,8,2,HR Executive
100,100,2,8,5,Data Analyst
101,101,2,6,3,Software Engineer
102,102,5,10,2,Sales Manager
103,103,3,3,1,Marketing Associate
104,104,2,3,5,Data Analyst
105,105,3,1,6,HR Executive
106,106,4,7,4,Sales Manager
107,107,1,5,5,HR Executive
108,108,5,4,4,HR Executive
109,109,3,10,3,Software Engineer
110,110,2,4,4,Software Engineer
111,111,3,4,3,Sales Manager
112,112,2,6,1,Marketing Associate
113,113,3,8,4,Sales Manager
114,114,2,8,5,Marketing Associate
115,115,4,5,3,HR Executive
116,116,2,6,5,Data Analyst
117,117,2,4,2,Sales Manager
118,118,1,9,3,Sales Manager
119,119,2,8,4,Marketing Associate
120,120,1,10,3,HR Executive
121,121,5,10,5,HR Executive
122,122,1,1,1,Marketing Associate
123,123,4,2,3,HR Executive
124,124,1,9,4,Software Engineer
125,125,5,8,2,Data Analyst
126,126,4,3,6,Sales Manager
127,127,3,8,1,Data Analyst
128,128,3,1,2,Sales Manager
129,129,1,10,3,Software Engineer
130,130,1,4,5,HR Executive
131,131,5,3,5,Marketing Associate
132,132,5,6,4,Software Engineer
133,133,2,7,5,Data Analyst
134,134,5,4,1,Marketing Associate
135,135,2,7,5,HR Executive
136,136,4,9,4,Software Engineer
137,137,1,2,6,Marketing Associate
138,138,4,3,3,Software Engineer
139,139,5,5,3,Software Engineer
140,140,4,3,5,HR Executive
141,141,4,8,2,Sales Manager
142,142,4,10,3,Marketing Associate
143,143,5,8,6,HR Executive
144,144,4,8,5,Software Engineer
145,145,2,9,4,HR Executive
146,146,5,4,6,Sales Manager
147,147,4,5,5,Marketing Associate
148,148,5,5,6,Sales Manager
149,149,3,8,3,Data Analyst
150,150,2,7,4,Marketing Associate
151,151,4,9,5,Sales Manager
152,152,3,8,1,Software Engineer
153,153,3,2,4,Marketing Associate
154,154,5,10,1,Marketing Associate
155,155,3,4,6,HR Executive
156,156,2,6,2,Software Engineer
157,157,2,2,4,Data Analyst
158,158,1,7,6,Sales Manager
159,159,2,3,1,HR Executive
160,160,3,3,3,Sales Manager
161,161,2,2,3,Data Analyst
162,162,5,8,2,Data Analyst
163,163,1,6,4,Marketing Associate
164,164,3,1,4,Data Analyst
165,165,1,1,4,Sales Manager
166,166,3,7,6,Software Engineer
167,167,5,8,2,Software Engineer
168,168,1,5,4,Marketing Associate
169,169,4,5,6,Sales Manager
170,170,3,4,3,Sales Manager
171,171,4,6,1,Data Analyst
172,172,1,6,6,Sales Manager
173,173,4,3,3,HR Executive
174,174,4,9,3,Data Analyst
175,175,1,7,1,HR Executive
176,176,5,1,3,Marketing Associate
177,177,4,7,2,Software Engineer
178,178,4,5,1,Marketing Associate
179,179,5,5,3,Software Engineer
180,180,4,2,5,Marketing Associate
181,181,4,4,6,Sales Manager
182,182,4,6,3,HR Executive
183,183,2,10,2,Software Engineer
184,184,5,7,4,Data Analyst
185,185,4,5,3,HR Executive
186,186,5,9,4,Data Analyst
187,187,3,3,5,HR Executive
188,188,3,1,3,HR Executive
189,189,4,4,1,Marketing Associate
190,190,5,9,4,Software Engineer
191,191,5,4,5,Software Engineer
192,192,5,2,1,HR Executive
193,193,2,10,1,Sales Manager
194,194,3,5,1,Sales Manager
195,195,5,3,1,Data Analyst
196,196,5,9,3,Data Analyst
197,197,2,4,6,Marketing Associate
198,198,2,6,3,HR Executive
199,199,5,2,3,Data Analyst
200,200,1,6,5,Data Analyst
201,201,5,3,5,HR Executive
202,202,5,9,6,Marketing Associate
203,203,2,2,5,Data Analyst
204,204,2,9,2,Marketing Associate
205,205,5,5,6,Software Engineer
206,206,5,8,5,Marketing Associate
207,207,5,2,6,Sales Manager
208,208,2,6,3,Sales Manager
209,209,5,3,3,Marketing Associate
210,210,5,10,6,Sales Manager
211,211,4,5,2,Software Engineer
212,212,1,8,2,HR Executive
213,213,3,10,6,Sales Manager
214,214,1,1,5,Sales Manager
215,215,4,5,4,Marketing Associate
216,216,3,3,2,Software Engineer
217,217,5,4,1,HR Executive
218,218,4,2,3,Marketing Associate
219,219,5,9,6,Marketing Associate
220,220,2,3,1,Software Engineer
221,221,4,2,6,HR Executive
222,222,2,10,3,Software Engineer
223,223,4,9,3,HR Executive
224,224,4,7,2,Software Engineer
225,225,2,6,2,Marketing Associate
226,226,3,1,1,Marketing Associate
227,227,1,5,6,Data Analyst
228,228,5,3,3,Sales Manager
229,229,4,1,1,Software Engineer
230,230,5,4,4,Data Analyst
231,231,2,2,1,Sales Manager
232,232,5,2,5,Software Engineer
233,233,2,3,1,HR Executive
234,234,5,8,5,Sales Manager
235,235,1,8,5,Marketing Associate
236,236,1,7,5,Data Analyst
237,237,1,6,4,Sales Manager
238,238,1,9,1,Sales Manager
239,239,1,4,1,Marketing Associate
240,240,1,1,4,Software Engineer
241,241,2,8,3,HR Executive
242,242,4,7,2,Marketing Associate
243,243,5,7,1,HR Executive
244,244,1,3,2,Software Engineer
245,245,2,4,6,Sales Manager
246,246,2,10,6,HR Executive
247,247,2,9,4,Data Analyst
248,248,4,6,6,Data Analyst
249,249,5,5,6,Marketing Associate
250,250,4,3,3,Software Engineer
251,251,3,9,3,Marketing Associate
252,252,2,5,3,Marketing Associate
253,253,3,5,6,Marketing Associate
254,254,1,4,4,Data Analyst
255,255,1,4,5,Data Analyst
256,256,4,1,5,Marketing Associate
257,257,5,7,2,Data Analyst
258,258,3,9,5,Software Engineer
259,259,5,3,5,Marketing Associate
260,260,4,2,3,Data Analyst
261,261,1,3,3,HR Executive
262,262,5,1,6,Marketing Associate
263,263,5,6,2,Marketing Associate
264,264,1,7,1,Software Engineer
265,265,3,2,2,Sales Manager
266,266,1,8,2,Sales Manager
267,267,5,6,4,Software Engineer
268,268,3,4,6,Software Engineer
269,269,3,5,4,Software Engineer
270,270,1,8,2,Sales Manager
271,271,5,3,2,Software Engineer
272,272,4,3,2,Data Analyst
273,273,5,4,5,Marketing Associate
274,274,2,1,4,Marketing Associate
275,275,4,9,2,HR Executive
276,276,3,8,3,HR Executive
277,277,4,8,6,Marketing Associate
278,278,3,10,6,Data Analyst
279,279,3,6,3,Sales Manager
280,280,4,7,6,Sales Manager
281,281,3,6,5,Data Analyst
282,282,3,9,5,Sales Manager
283,283,2,3,1,Software Engineer
284,284,5,3,1,Marketing Associate
285,285,5,3,1,Marketing Associate
286,286,2,10,6,Data Analyst
287,287,4,3,5,Sales Manager
288,288,1,9,5,HR Executive
289,289,1,4,5,HR Executive
290,290,1,7,3,Sales Manager
291,291,2,9,5,HR Executive
292,292,2,7,3,Data Analyst
293,293,3,9,1,Data Analyst
294,294,1,3,1,Sales Manager
295,295,4,4,6,HR Executive
296,296,4,8,1,Data Analyst
297,297,1,6,6,Data Analyst
298,298,1,5,2,Software Engineer
299,299,1,4,2,Software Engineer
300,300,2,8,4,Data Analyst
301,301,2,1,6,Sales Manager
302,302,2,9,4,Marketing Associate
303,303,5,1,4,Marketing Associate
304,304,4,8,2,Data Analyst
305,305,4,4,6,Data Analyst
306,306,3,9,2,Data Analyst
307,307,2,5,4,Sales Manager
308,308,5,3,6,Software Engineer
309,309,5,9,4,Data Analyst
310,310,4,9,5,Data Analyst
311,311,2,4,6,HR Executive
312,312,3,4,6,Sales Manager
313,313,2,8,4,Data Analyst
314,314,1,2,5,HR Executive
315,315,2,9,3,Marketing Associate
316,316,1,6,2,Data Analyst
317,317,1,9,4,Data Analyst
318,318,3,8,6,HR Executive
319,319,4,7,2,Sales Manager
320,320,2,1,2,Data Analyst
321,321,1,3,2,Marketing Associate
322,322,2,2,3,Data Analyst
323,323,4,5,1,Marketing Associate
324,324,4,5,4,Software Engineer
325,325,5,5,1,Software Engineer
326,326,4,4,1,Marketing Associate
327,327,3,5,1,Sales Manager
328,328,1,3,2,Data Analyst
329,329,5,1,5,Data Analyst
330,330,3,5,2,Software Engineer
331,331,2,9,2,Marketing Associate
332,332,1,9,6,Data Analyst
333,333,4,4,6,Data Analyst
334,334,1,3,1,Sales Manager
335,335,2,1,2,HR Executive
336,336,5,2,1,Software Engineer
337,337,5,8,6,Software Engineer
338,338,5,1,5,HR Executive
339,339,4,8,4,Data Analyst
340,340,3,7,1,Sales Manager
341,341,3,8,5,Sales Manager
342,342,1,6,4,Software Engineer
343,343,4,9,3,Sales Manager
344,344,5,3,1,HR Executive
345,345,5,10,1,Data Analyst
346,346,2,4,3,HR Executive
347,347,2,6,3,Marketing Associate
348,348,5,8,1,Software Engineer
349,349,5,5,3,Sales Manager
350,350,4,3,2,Marketing Associate
351,351,3,6,4,Sales Manager
352,352,2,4,4,Data Analyst
353,353,3,9,4,Data Analyst
354,354,4,3,2,Data Analyst
355,355,5,4,3,Sales Manager
356,356,3,7,5,Marketing Associate
357,357,5,7,3,Data Analyst
358,358,5,4,1,Marketing Associate
359,359,1,6,6,Sales Manager
360,360,3,3,4,Marketing Associate
361,361,3,6,3,Sales Manager
362,362,5,2,5,Sales Manager
363,363,4,8,1,Software Engineer
364,364,1,2,2,Sales Manager
365,365,5,7,2,Sales Manager
366,366,2,9,5,HR Executive
367,367,2,1,1,Data Analyst
368,368,1,8,4,Software Engineer
369,369,4,7,3,Software Engineer
370,370,5,6,1,Software Engineer
371,371,3,6,2,HR Executive
372,372,1,6,5,Sales Manager
373,373,4,9,5,Data Analyst
374,374,3,2,3,Marketing Associate
375,375,2,1,5,Sales Manager
376,376,2,6,5,HR Executive
377,377,3,10,1,Sales Manager
378,378,1,8,4,Sales Manager
379,379,2,3,3,HR Executive
380,380,5,10,1,Software Engineer
381,381,3,1,4,Software Engineer
382,382,3,9,1,Data Analyst
383,383,2,1,6,Data Analyst
384,384,1,3,1,Software Engineer
385,385,5,8,5,Marketing Associate
386,386,1,3,4,Sales Manager
387,387,4,4,3,Marketing Associate
388,388,4,8,3,Sales Manager
389,389,2,1,4,Software Engineer
390,390,2,6,5,Data Analyst
391,391,2,1,2,Data Analyst
392,392,4,1,1,Marketing Associate
393,393,1,8,5,Data Analyst
394,394,1,4,6,Software Engineer
395,395,2,1,4,Marketing Associate
396,396,5,10,1,Sales Manager
397,397,1,7,3,Data Analyst
398,398,4,5,2,HR Executive
399,399,3,5,6,Data Analyst
400,400,3,1,3,Sales Manager
401,401,3,10,4,Marketing Associate
402,402,5,6,1,Sales Manager
403,403,2,9,4,HR Executive
404,404,4,9,1,Software Engineer
405,405,5,8,5,Data Analyst
406,406,4,5,2,Marketing Associate
407,407,4,1,5,Software Engineer
408,408,2,9,5,Sales Manager
409,409,3,1,4,Marketing Associate
410,410,2,8,2,Software Engineer
411,411,5,5,1,Marketing Associate
412,412,5,3,1,HR Executive
413,413,5,7,6,HR Executive
414,414,2,7,3,Data Analyst
415,415,4,9,6,Data Analyst
416,416,4,7,6,HR Executive
417,417,1,3,1,Marketing Associate
418,418,5,1,4,HR Executive
419,419,4,8,5,Data Analyst
420,420,1,3,5,HR Executive
421,421,4,8,5,HR Executive
422,422,5,8,2,Marketing Associate
423,423,3,5,1,Software Engineer
424,424,5,1,4,Data Analyst
425,425,2,10,2,Marketing Associate
426,426,4,7,3,HR Executive
427,427,4,10,4,HR Executive
428,428,2,5,6,Software Engineer
429,429,2,8,4,Data Analyst
430,430,3,9,4,Data Analyst
431,431,4,7,5,Sales Manager
432,432,4,7,4,Data Analyst
433,433,3,1,6,Software Engineer
434,434,1,4,6,Sales Manager
435,435,3,2,1,Sales Manager
436,436,5,2,4,HR Executive
437,437,4,2,5,HR Executive
438,438,2,4,4,Data Analyst
439,439,5,1,3,Sales Manager
440,440,4,4,3,HR Executive
441,441,3,2,5,Software Engineer
442,442,5,5,1,HR Executive
443,443,4,3,1,HR Executive
444,444,1,8,6,Sales Manager
445,445,1,4,6,Sales Manager
446,446,2,1,2,Marketing Associate
447,447,4,1,5,Software Engineer
448,448,1,10,4,Sales Manager
449,449,3,3,5,Data Analyst
450,450,4,9,2,Software Engineer
451,451,3,7,6,Software Engineer
452,452,3,2,5,Sales Manager
453,453,1,9,5,Software Engineer
454,454,4,10,6,Sales Manager
455,455,5,2,2,HR Executive
456,456,1,3,6,Marketing Associate
457,457,1,10,1,HR Executive
458,458,4,2,4,Sales Manager
459,459,4,3,6,Sales Manager
460,460,3,6,2,HR Executive
461,461,4,9,3,Data Analyst
462,462,3,9,1,Data Analyst
463,463,1,7,3,Data Analyst
464,464,2,3,6,Sales Manager
465,465,5,4,1,Software Engineer
466,466,1,6,4,Sales Manager
467,467,4,5,6,Software Engineer
468,468,5,2,4,HR Executive
469,469,2,6,5,Marketing Associate
470,470,2,3,3,Software Engineer
471,471,3,8,1,Data Analyst
472,472,5,2,4,Sales Manager
473,473,3,1,2,HR Executive
474,474,1,9,4,Data Analyst
475,475,5,3,2,HR Executive
476,476,1,1,6,Marketing Associate
477,477,3,7,1,Sales Manager
478,478,5,10,4,Sales Manager
479,479,3,5,4,Marketing Associate
480,480,5,5,1,Sales Manager
481,481,3,1,4,Software Engineer
482,482,2,9,2,HR Executive
483,483,3,7,4,Data Analyst
484,484,2,8,3,Marketing Associate
485,485,3,9,6,Software Engineer
486,486,5,6,5,Data Analyst
487,487,5,5,2,Data Analyst
488,488,5,6,3,Marketing Associate
489,489,4,2,6,Software Engineer
490,490,1,4,1,Data Analyst
491,491,5,3,2,Data Analyst
492,492,2,7,5,Software Engineer
493,493,5,9,6,Sales Manager
494,494,4,5,5,Data Analyst
495,495,2,6,1,HR Executive
496,496,4,10,1,Software Engineer
497,497,2,2,2,Data Analyst
498,498,3,3,4,Marketing Associate
499,499,1,3,1,HR Executive
500,500,1,9,6,Data Analyst
