Candidate_ID,Candidate_Name,Gender,Education,Experience_Years,Applied_Date
1,Candidate_1,Female,MCA,5.9,2024-05-26
2,Candidate_2,Female,MBA,6.8,2024-06-16
3,Candidate_3,Female,MBA,7.9,2024-04-01
4,Candidate_4,Female,MBA,5.0,2024-02-28
5,Candidate_5,Female,B.Tech,0.9,2024-02-28
6,Candidate_6,Male,B.Tech,5.4,2024-06-17
7,Candidate_7,Male,B.Tech,5.9,2024-09-25
8,Candidate_8,Female,MCA,7.5,2024-02-14
9,Candidate_9,Female,BA,4.3,2024-06-29
10,Candidate_10,Female,MBA,1.3,2024-06-18
11,Candidate_11,Male,MBA,2.8,2024-07-09
12,Candidate_12,Female,MCA,3.6,2024-06-03
13,Candidate_13,Male,MBA,6.5,2024-07-06
14,Candidate_14,Male,B.Tech,5.7,2024-01-07
15,Candidate_15,Male,BA,3.6,2024-05-12
16,Candidate_16,Male,B.Com,9.9,2024-08-22
17,Candidate_17,Male,MBA,6.1,2024-02-14
18,Candidate_18,Female,B.Tech,2.4,2024-09-05
19,Candidate_19,Female,B.Com,1.0,2024-01-31
20,Candidate_20,Female,BA,1.5,2024-01-23
21,Candidate_21,Female,B.Com,2.5,2024-06-08
22,Candidate_22,Female,B.Tech,1.6,2024-06-06
23,Candidate_23,Male,B.Com,1.9,2024-02-08
24,Candidate_24,Female,MCA,2.9,2024-03-22
25,Candidate_25,Female,B.Com,1.7,2024-09-14
26,Candidate_26,Male,MBA,9.0,2024-07-24
27,Candidate_27,Female,MBA,0.8,2024-03-17
28,Candidate_28,Male,MCA,5.2,2024-01-12
29,Candidate_29,Female,B.Tech,4.1,2024-10-21
30,Candidate_30,Male,MBA,9.8,2024-08-11
31,Candidate_31,Female,BA,1.1,2024-01-13
32,Candidate_32,Female,MBA,4.0,2024-02-15
33,Candidate_33,Male,MBA,9.7,2024-06-03
34,Candidate_34,Male,B.Tech,8.7,2024-04-22
35,Candidate_35,Male,B.Com,8.2,2024-08-20
36,Candidate_36,Male,MBA,2.6,2024-01-17
37,Candidate_37,Male,MCA,1.7,2024-08-10
38,Candidate_38,Male,B.Com,6.7,2024-07-06
39,Candidate_39,Male,BA,9.3,2024-06-11
40,Candidate_40,Male,B.Tech,5.6,2024-03-14
41,Candidate_41,Female,BA,5.7,2024-08-20
42,Candidate_42,Female,B.Com,2.8,2024-08-11
43,Candidate_43,Male,B.Com,7.7,2024-02-29
44,Candidate_44,Female,B.Com,1.9,2024-08-09
45,Candidate_45,Female,BA,3.2,2024-02-06
46,Candidate_46,Female,B.Com,4.3,2024-10-04
47,Candidate_47,Female,BA,5.1,2024-07-14
48,Candidate_48,Male,B.Com,2.4,2024-08-29
49,Candidate_49,Female,MCA,1.1,2024-08-06
50,Candidate_50,Male,B.Com,6.1,2024-07-10
51,Candidate_51,Female,BA,2.9,2024-01-17
52,Candidate_52,Female,MBA,5.8,2024-01-12
53,Candidate_53,Female,B.Com,1.5,2024-07-11
54,Candidate_54,Male,MBA,4.8,2024-01-22
55,Candidate_55,Female,MCA,5.3,2024-04-29
56,Candidate_56,Male,B.Tech,0.5,2024-07-28
57,Candidate_57,Female,MCA,3.4,2024-09-26
58,Candidate_58,Male,B.Com,1.3,2024-07-10
59,Candidate_59,Female,MBA,0.6,2024-06-23
60,Candidate_60,Male,MBA,9.9,2024-10-11
61,Candidate_61,Male,BA,3.2,2024-07-22
62,Candidate_62,Female,MBA,8.1,2024-06-12
63,Candidate_63,Male,BA,2.5,2024-09-07
64,Candidate_64,Female,B.Tech,6.8,2024-08-14
65,Candidate_65,Female,B.Com,7.6,2024-01-07
66,Candidate_66,Female,BA,6.0,2024-01-29
67,Candidate_67,Female,B.Tech,4.7,2024-02-02
68,Candidate_68,Female,MBA,4.1,2024-05-13
69,Candidate_69,Female,MBA,3.5,2024-03-19
70,Candidate_70,Female,B.Tech,9.3,2024-02-27
71,Candidate_71,Female,MBA,8.3,2024-01-26
72,Candidate_72,Female,B.Tech,9.7,2024-08-13
73,Candidate_73,Female,BA,1.2,2024-10-11
74,Candidate_74,Female,BA,7.3,2024-01-04
75,Candidate_75,Male,B.Tech,9.4,2024-04-08
76,Candidate_76,Male,BA,1.8,2024-02-08
77,Candidate_77,Female,BA,0.7,2024-09-27
78,Candidate_78,Female,BA,7.4,2024-10-11
79,Candidate_79,Female,MCA,5.7,2024-06-05
80,Candidate_80,Female,B.Com,8.4,2024-03-15
81,Candidate_81,Female,MBA,1.4,2024-10-14
82,Candidate_82,Female,MCA,8.0,2024-05-09
83,Candidate_83,Female,BA,2.0,2024-06-23
84,Candidate_84,Female,B.Tech,1.6,2024-03-24
85,Candidate_85,Male,BA,1.6,2024-01-22
86,Candidate_86,Female,B.Com,8.1,2024-01-27
87,Candidate_87,Male,BA,6.7,2024-07-13
88,Candidate_88,Female,B.Tech,5.2,2024-08-23
89,Candidate_89,Female,B.Com,3.6,2024-04-01
90,Candidate_90,Male,BA,8.8,2024-01-21
91,Candidate_91,Female,B.Com,3.9,2024-03-24
92,Candidate_92,Male,MBA,8.2,2024-09-18
93,Candidate_93,Female,MBA,4.4,2024-05-26
94,Candidate_94,Female,BA,3.8,2024-09-13
95,Candidate_95,Male,B.Com,4.6,2024-02-27
96,Candidate_96,Female,B.Tech,3.0,2024-01-15
97,Candidate_97,Male,BA,7.5,2024-06-10
98,Candidate_98,Female,MBA,5.0,2024-06-11
99,Candidate_99,Male,MBA,2.3,2024-10-07
100,Candidate_100,Male,BA,9.0,2024-10-06
101,Candidate_101,Female,B.Com,3.8,2024-01-12
102,Candidate_102,Female,MBA,5.4,2024-09-30
103,Candidate_103,Male,B.Com,9.1,2024-09-27
104,Candidate_104,Female,MBA,6.2,2024-07-26
105,Candidate_105,Female,MBA,1.2,2024-01-27
106,Candidate_106,Female,MCA,9.4,2024-03-12
107,Candidate_107,Male,MBA,6.3,2024-02-29
108,Candidate_108,Male,B.Tech,3.3,2024-05-24
109,Candidate_109,Male,BA,1.4,2024-04-02
110,Candidate_110,Male,BA,7.9,2024-01-08
111,Candidate_111,Male,B.Com,6.2,2024-03-19
112,Candidate_112,Male,MBA,5.3,2024-01-27
113,Candidate_113,Male,B.Tech,8.9,2024-06-22
114,Candidate_114,Male,B.Com,7.9,2024-02-19
115,Candidate_115,Male,MCA,1.5,2024-07-17
116,Candidate_116,Female,B.Com,3.1,2024-06-29
117,Candidate_117,Male,B.Com,2.5,2024-01-24
118,Candidate_118,Female,MBA,7.4,2024-02-15
119,Candidate_119,Female,MCA,0.3,2024-01-15
120,Candidate_120,Female,B.Com,5.7,2024-06-01
121,Candidate_121,Male,B.Tech,7.6,2024-08-09
122,Candidate_122,Male,B.Tech,8.8,2024-07-24
123,Candidate_123,Male,BA,3.4,2024-09-29
124,Candidate_124,Male,MCA,8.2,2024-08-23
125,Candidate_125,Female,MCA,1.1,2024-08-15
126,Candidate_126,Male,BA,8.5,2024-01-09
127,Candidate_127,Male,B.Com,1.3,2024-06-14
128,Candidate_128,Male,MCA,4.0,2024-08-01
129,Candidate_129,Male,B.Tech,8.0,2024-04-26
130,Candidate_130,Male,B.Tech,1.5,2024-03-12
131,Candidate_131,Female,MBA,2.3,2024-03-04
132,Candidate_132,Male,MCA,7.2,2024-07-23
133,Candidate_133,Female,B.Com,7.2,2024-07-27
134,Candidate_134,Male,BA,6.4,2024-03-12
135,Candidate_135,Female,BA,6.9,2024-10-03
136,Candidate_136,Male,B.Com,5.4,2024-09-30
137,Candidate_137,Male,MBA,2.5,2024-04-04
138,Candidate_138,Female,BA,3.5,2024-06-14
139,Candidate_139,Female,MCA,1.8,2024-02-01
140,Candidate_140,Female,MBA,9.1,2024-01-11
141,Candidate_141,Male,MCA,5.8,2024-08-04
142,Candidate_142,Female,B.Tech,4.0,2024-10-15
143,Candidate_143,Male,MBA,4.6,2024-04-11
144,Candidate_144,Male,BA,9.5,2024-09-23
145,Candidate_145,Female,MBA,1.5,2024-08-01
146,Candidate_146,Female,MBA,5.9,2024-06-27
147,Candidate_147,Male,MBA,5.1,2024-03-28
148,Candidate_148,Male,MBA,6.1,2024-02-10
149,Candidate_149,Female,MCA,0.2,2024-03-16
150,Candidate_150,Female,B.Tech,8.7,2024-02-15
151,Candidate_151,Female,B.Com,9.3,2024-06-08
152,Candidate_152,Male,MBA,5.7,2024-03-20
153,Candidate_153,Male,BA,7.0,2024-03-26
154,Candidate_154,Male,MBA,9.2,2024-04-01
155,Candidate_155,Male,BA,7.1,2024-05-27
156,Candidate_156,Male,MCA,1.5,2024-06-09
157,Candidate_157,Male,BA,5.8,2024-07-20
158,Candidate_158,Female,B.Com,6.1,2024-08-29
159,Candidate_159,Male,B.Tech,4.2,2024-01-02
160,Candidate_160,Male,BA,7.4,2024-08-12
161,Candidate_161,Male,BA,9.3,2024-10-15
162,Candidate_162,Female,B.Tech,9.3,2024-08-20
163,Candidate_163,Male,B.Com,4.5,2024-03-17
164,Candidate_164,Male,MBA,1.1,2024-04-25
165,Candidate_165,Female,BA,9.8,2024-06-02
166,Candidate_166,Male,B.Tech,8.4,2024-04-12
167,Candidate_167,Male,MCA,1.2,2024-07-12
168,Candidate_168,Male,B.Tech,9.2,2024-06-14
169,Candidate_169,Male,MCA,8.7,2024-03-30
170,Candidate_170,Male,B.Com,5.2,2024-06-22
171,Candidate_171,Female,MBA,5.9,2024-05-01
172,Candidate_172,Female,B.Tech,4.0,2024-05-22
173,Candidate_173,Female,BA,0.5,2024-04-15
174,Candidate_174,Male,B.Com,3.4,2024-05-02
175,Candidate_175,Male,B.Tech,8.0,2024-01-09
176,Candidate_176,Male,BA,0.0,2024-09-18
177,Candidate_177,Female,B.Tech,3.3,2024-03-13
178,Candidate_178,Male,MCA,4.0,2024-08-10
179,Candidate_179,Male,B.Tech,5.4,2024-02-10
180,Candidate_180,Female,B.Tech,9.2,2024-07-22
181,Candidate_181,Male,B.Tech,3.5,2024-09-20
182,Candidate_182,Female,B.Com,3.5,2024-06-26
183,Candidate_183,Female,B.Tech,7.4,2024-03-24
184,Candidate_184,Female,BA,4.5,2024-04-20
185,Candidate_185,Male,MCA,2.2,2024-09-07
186,Candidate_186,Male,MCA,4.5,2024-01-07
187,Candidate_187,Male,B.Tech,1.4,2024-03-24
188,Candidate_188,Male,B.Com,1.8,2024-07-26
189,Candidate_189,Male,B.Com,5.0,2024-01-22
190,Candidate_190,Male,BA,4.2,2024-01-03
191,Candidate_191,Male,B.Tech,9.1,2024-05-06
192,Candidate_192,Female,MCA,3.6,2024-10-23
193,Candidate_193,Male,B.Com,5.8,2024-07-06
194,Candidate_194,Female,B.Tech,6.3,2024-01-14
195,Candidate_195,Male,B.Com,0.1,2024-01-12
196,Candidate_196,Male,B.Com,6.6,2024-03-27
197,Candidate_197,Male,MCA,1.8,2024-01-12
198,Candidate_198,Female,MBA,9.6,2024-01-25
199,Candidate_199,Female,BA,1.5,2024-08-30
200,Candidate_200,Female,BA,4.1,2024-05-01
201,Candidate_201,Female,MCA,0.9,2024-05-26
202,Candidate_202,Male,B.Com,10.0,2024-02-24
203,Candidate_203,Female,B.Tech,5.0,2024-08-25
204,Candidate_204,Male,B.Com,6.0,2024-06-21
205,Candidate_205,Male,MCA,0.7,2024-08-08
206,Candidate_206,Female,BA,7.5,2024-04-28
207,Candidate_207,Female,B.Com,2.1,2024-07-01
208,Candidate_208,Female,BA,9.0,2024-10-14
209,Candidate_209,Female,B.Tech,2.1,2024-10-26
210,Candidate_210,Female,BA,1.9,2024-03-22
211,Candidate_211,Female,BA,0.4,2024-07-29
212,Candidate_212,Female,MBA,4.7,2024-05-29
213,Candidate_213,Female,MBA,5.6,2024-02-06
214,Candidate_214,Male,MBA,0.7,2024-02-28
215,Candidate_215,Female,BA,7.8,2024-05-10
216,Candidate_216,Female,MCA,4.5,2024-07-20
217,Candidate_217,Male,BA,5.2,2024-08-30
218,Candidate_218,Female,MCA,4.4,2024-02-04
219,Candidate_219,Male,MCA,4.0,2024-04-02
220,Candidate_220,Male,MBA,5.6,2024-07-25
221,Candidate_221,Female,B.Com,1.6,2024-07-31
222,Candidate_222,Male,B.Tech,1.8,2024-06-07
223,Candidate_223,Male,MBA,8.6,2024-01-24
224,Candidate_224,Male,MBA,9.5,2024-10-19
225,Candidate_225,Male,B.Com,3.7,2024-01-04
226,Candidate_226,Female,B.Tech,2.7,2024-08-07
227,Candidate_227,Male,BA,6.4,2024-01-20
228,Candidate_228,Female,BA,4.1,2024-05-31
229,Candidate_229,Male,MBA,0.3,2024-02-19
230,Candidate_230,Male,B.Tech,1.6,2024-06-25
231,Candidate_231,Male,MBA,7.2,2024-04-05
232,Candidate_232,Male,MCA,6.6,2024-04-14
233,Candidate_233,Female,MBA,0.3,2024-09-06
234,Candidate_234,Female,MBA,2.2,2024-04-26
235,Candidate_235,Male,BA,2.3,2024-08-15
236,Candidate_236,Male,BA,6.7,2024-03-06
237,Candidate_237,Female,BA,0.2,2024-09-18
238,Candidate_238,Male,MCA,1.0,2024-10-21
239,Candidate_239,Male,BA,8.0,2024-08-30
240,Candidate_240,Male,B.Tech,1.8,2024-07-04
241,Candidate_241,Female,B.Com,6.5,2024-09-02
242,Candidate_242,Female,B.Tech,2.4,2024-05-04
243,Candidate_243,Female,B.Tech,1.0,2024-09-24
244,Candidate_244,Male,BA,2.4,2024-05-10
245,Candidate_245,Male,B.Com,7.2,2024-08-24
246,Candidate_246,Female,B.Com,8.6,2024-01-18
247,Candidate_247,Female,B.Com,8.3,2024-02-09
248,Candidate_248,Female,MCA,4.0,2024-01-21
249,Candidate_249,Female,BA,6.7,2024-08-12
250,Candidate_250,Male,B.Com,2.0,2024-10-08
251,Candidate_251,Female,MCA,2.9,2024-01-08
252,Candidate_252,Male,MBA,9.0,2024-04-09
253,Candidate_253,Female,MBA,0.1,2024-08-27
254,Candidate_254,Male,MCA,0.9,2024-03-27
255,Candidate_255,Female,MCA,2.1,2024-10-24
256,Candidate_256,Female,BA,0.3,2024-01-14
257,Candidate_257,Female,BA,1.8,2024-01-02
258,Candidate_258,Female,MBA,5.8,2024-10-19
259,Candidate_259,Male,B.Com,4.2,2024-02-10
260,Candidate_260,Female,MBA,8.9,2024-04-20
261,Candidate_261,Male,B.Com,8.2,2024-01-14
262,Candidate_262,Male,B.Com,3.4,2024-08-18
263,Candidate_263,Male,BA,2.6,2024-03-24
264,Candidate_264,Male,B.Tech,3.8,2024-05-09
265,Candidate_265,Female,B.Tech,5.9,2024-08-18
266,Candidate_266,Male,MCA,2.7,2024-05-24
267,Candidate_267,Male,BA,6.2,2024-01-28
268,Candidate_268,Male,B.Com,4.1,2024-03-06
269,Candidate_269,Female,B.Tech,5.5,2024-06-11
270,Candidate_270,Female,B.Com,4.4,2024-08-16
271,Candidate_271,Female,B.Tech,2.9,2024-09-17
272,Candidate_272,Female,B.Tech,9.5,2024-06-12
273,Candidate_273,Male,B.Tech,7.6,2024-10-13
274,Candidate_274,Male,BA,1.4,2024-01-10
275,Candidate_275,Female,MBA,8.7,2024-07-13
276,Candidate_276,Male,B.Com,4.9,2024-04-27
277,Candidate_277,Male,BA,8.9,2024-09-26
278,Candidate_278,Male,BA,8.0,2024-03-20
279,Candidate_279,Female,BA,4.3,2024-04-02
280,Candidate_280,Female,BA,0.2,2024-09-22
281,Candidate_281,Male,BA,2.7,2024-09-13
282,Candidate_282,Female,MCA,5.4,2024-05-12
283,Candidate_283,Female,B.Com,6.3,2024-10-02
284,Candidate_284,Female,BA,2.6,2024-09-20
285,Candidate_285,Female,B.Com,1.4,2024-06-19
286,Candidate_286,Female,MCA,8.3,2024-01-01
287,Candidate_287,Male,MCA,9.8,2024-03-04
288,Candidate_288,Female,B.Com,5.3,2024-10-10
289,Candidate_289,Male,B.Tech,1.7,2024-04-30
290,Candidate_290,Male,MBA,2.7,2024-04-16
291,Candidate_291,Female,B.Tech,0.2,2024-06-23
292,Candidate_292,Male,B.Tech,9.1,2024-07-22
293,Candidate_293,Male,B.Tech,1.2,2024-06-13
294,Candidate_294,Male,BA,5.8,2024-04-29
295,Candidate_295,Female,MCA,2.7,2024-02-13
296,Candidate_296,Female,B.Tech,5.5,2024-06-04
297,Candidate_297,Male,MCA,6.5,2024-07-25
298,Candidate_298,Female,B.Com,8.3,2024-04-17
299,Candidate_299,Female,MBA,2.1,2024-09-07
300,Candidate_300,Female,B.Com,0.1,2024-05-09
301,Candidate_301,Female,B.Com,1.4,2024-10-19
302,Candidate_302,Male,BA,9.0,2024-01-20
303,Candidate_303,Male,MBA,8.7,2024-10-08
304,Candidate_304,Female,B.Com,6.0,2024-10-11
305,Candidate_305,Female,B.Com,6.0,2024-01-01
306,Candidate_306,Male,MBA,6.7,2024-04-28
307,Candidate_307,Male,MBA,1.8,2024-02-04
308,Candidate_308,Female,B.Com,9.1,2024-07-16
309,Candidate_309,Male,MBA,4.2,2024-09-01
310,Candidate_310,Female,B.Com,3.8,2024-02-28
311,Candidate_311,Female,B.Com,5.2,2024-06-09
312,Candidate_312,Male,BA,0.5,2024-06-27
313,Candidate_313,Male,B.Tech,1.7,2024-07-24
314,Candidate_314,Female,B.Com,7.4,2024-01-12
315,Candidate_315,Female,MCA,0.8,2024-10-02
316,Candidate_316,Male,B.Tech,6.0,2024-06-29
317,Candidate_317,Female,B.Tech,2.5,2024-08-29
318,Candidate_318,Male,B.Tech,3.9,2024-08-03
319,Candidate_319,Female,BA,2.9,2024-09-07
320,Candidate_320,Male,B.Com,3.6,2024-10-25
321,Candidate_321,Male,BA,7.2,2024-05-05
322,Candidate_322,Male,B.Com,3.0,2024-08-04
323,Candidate_323,Female,BA,5.7,2024-10-11
324,Candidate_324,Female,BA,4.8,2024-07-03
325,Candidate_325,Male,MCA,6.6,2024-02-08
326,Candidate_326,Female,BA,9.4,2024-08-10
327,Candidate_327,Male,MBA,7.3,2024-07-02
328,Candidate_328,Male,MCA,2.1,2024-06-26
329,Candidate_329,Female,BA,0.3,2024-10-20
330,Candidate_330,Female,B.Tech,2.6,2024-05-30
331,Candidate_331,Male,MBA,6.0,2024-05-05
332,Candidate_332,Female,MBA,0.5,2024-08-21
333,Candidate_333,Female,MBA,5.0,2024-01-08
334,Candidate_334,Male,MCA,6.0,2024-05-08
335,Candidate_335,Male,BA,3.3,2024-09-20
336,Candidate_336,Female,BA,7.7,2024-06-05
337,Candidate_337,Male,B.Tech,1.1,2024-01-05
338,Candidate_338,Male,B.Tech,0.8,2024-03-26
339,Candidate_339,Female,MBA,7.3,2024-06-23
340,Candidate_340,Male,B.Tech,5.0,2024-10-16
341,Candidate_341,Male,MCA,6.9,2024-07-11
342,Candidate_342,Female,BA,4.3,2024-04-28
343,Candidate_343,Female,MBA,2.5,2024-08-05
344,Candidate_344,Male,B.Tech,8.2,2024-04-23
345,Candidate_345,Male,MCA,8.0,2024-05-24
346,Candidate_346,Female,MCA,6.9,2024-01-26
347,Candidate_347,Female,B.Tech,2.7,2024-05-15
348,Candidate_348,Female,BA,5.9,2024-08-19
349,Candidate_349,Female,B.Tech,3.6,2024-03-16
350,Candidate_350,Male,MBA,0.9,2024-10-15
351,Candidate_351,Female,B.Tech,9.2,2024-01-01
352,Candidate_352,Female,MCA,1.4,2024-05-26
353,Candidate_353,Male,B.Tech,9.5,2024-10-13
354,Candidate_354,Female,BA,4.5,2024-05-21
355,Candidate_355,Male,B.Com,1.9,2024-02-22
356,Candidate_356,Female,B.Tech,5.4,2024-03-09
357,Candidate_357,Female,BA,8.7,2024-03-30
358,Candidate_358,Female,BA,7.3,2024-08-07
359,Candidate_359,Male,MCA,8.1,2024-07-10
360,Candidate_360,Male,BA,6.6,2024-03-03
361,Candidate_361,Female,BA,6.9,2024-03-13
362,Candidate_362,Male,BA,8.5,2024-06-09
363,Candidate_363,Male,BA,2.5,2024-06-17
364,Candidate_364,Male,MBA,4.9,2024-03-29
365,Candidate_365,Male,MBA,2.2,2024-06-24
366,Candidate_366,Male,MCA,9.9,2024-09-25
367,Candidate_367,Male,B.Tech,9.4,2024-03-13
368,Candidate_368,Female,BA,0.4,2024-09-01
369,Candidate_369,Female,B.Tech,7.1,2024-03-17
370,Candidate_370,Male,B.Tech,9.3,2024-06-07
371,Candidate_371,Female,MCA,1.8,2024-04-07
372,Candidate_372,Female,BA,5.7,2024-04-11
373,Candidate_373,Female,BA,9.2,2024-05-11
374,Candidate_374,Female,B.Com,0.3,2024-04-11
375,Candidate_375,Male,B.Tech,7.0,2024-01-19
376,Candidate_376,Female,B.Tech,3.0,2024-03-22
377,Candidate_377,Female,MBA,9.2,2024-10-05
378,Candidate_378,Male,B.Com,9.7,2024-05-08
379,Candidate_379,Male,MBA,9.4,2024-03-29
380,Candidate_380,Female,MBA,4.7,2024-07-31
381,Candidate_381,Female,MBA,8.6,2024-05-22
382,Candidate_382,Female,MCA,8.4,2024-03-05
383,Candidate_383,Female,MCA,3.2,2024-03-16
384,Candidate_384,Female,MBA,8.3,2024-07-17
385,Candidate_385,Female,B.Com,0.4,2024-05-22
386,Candidate_386,Male,B.Tech,6.0,2024-04-02
387,Candidate_387,Female,B.Com,2.3,2024-08-11
388,Candidate_388,Female,BA,1.2,2024-10-17
389,Candidate_389,Male,MCA,0.8,2024-04-11
390,Candidate_390,Male,B.Tech,7.0,2024-09-23
391,Candidate_391,Male,B.Tech,3.4,2024-04-19
392,Candidate_392,Male,BA,7.2,2024-09-21
393,Candidate_393,Female,BA,0.7,2024-01-03
394,Candidate_394,Female,MBA,3.2,2024-03-25
395,Candidate_395,Female,MCA,5.4,2024-10-08
396,Candidate_396,Female,MCA,7.9,2024-04-26
397,Candidate_397,Female,B.Com,3.2,2024-08-08
398,Candidate_398,Female,MBA,6.3,2024-06-02
399,Candidate_399,Male,MBA,8.9,2024-06-01
400,Candidate_400,Female,MBA,6.2,2024-01-12
401,Candidate_401,Male,MBA,2.3,2024-05-12
402,Candidate_402,Male,MCA,0.2,2024-10-19
403,Candidate_403,Female,MCA,8.7,2024-10-26
404,Candidate_404,Male,MBA,0.2,2024-08-15
405,Candidate_405,Female,B.Com,8.7,2024-09-27
406,Candidate_406,Male,B.Tech,5.3,2024-02-12
407,Candidate_407,Female,B.Tech,9.4,2024-01-21
408,Candidate_408,Male,B.Com,8.0,2024-04-16
409,Candidate_409,Female,MBA,10.0,2024-04-26
410,Candidate_410,Female,MCA,3.5,2024-05-03
411,Candidate_411,Female,B.Tech,7.7,2024-10-07
412,Candidate_412,Female,BA,4.0,2024-10-18
413,Candidate_413,Female,BA,4.8,2024-07-21
414,Candidate_414,Male,B.Com,6.3,2024-02-20
415,Candidate_415,Male,MBA,8.7,2024-09-27
416,Candidate_416,Male,B.Tech,9.8,2024-10-03
417,Candidate_417,Female,MBA,7.7,2024-05-20
418,Candidate_418,Male,B.Tech,4.2,2024-10-01
419,Candidate_419,Female,B.Com,4.2,2024-10-16
420,Candidate_420,Female,B.Com,7.4,2024-02-21
421,Candidate_421,Male,BA,2.4,2024-01-27
422,Candidate_422,Male,MBA,1.1,2024-06-05
423,Candidate_423,Female,BA,3.5,2024-08-26
424,Candidate_424,Male,MBA,2.9,2024-06-04
425,Candidate_425,Female,BA,3.0,2024-10-17
426,Candidate_426,Female,MCA,2.3,2024-05-15
427,Candidate_427,Female,MCA,0.4,2024-05-23
428,Candidate_428,Female,MCA,0.2,2024-04-15
429,Candidate_429,Female,MCA,9.9,2024-06-06
430,Candidate_430,Male,B.Tech,4.3,2024-05-25
431,Candidate_431,Male,MCA,3.8,2024-01-02
432,Candidate_432,Female,B.Com,6.8,2024-03-17
433,Candidate_433,Female,B.Com,2.2,2024-05-11
434,Candidate_434,Male,B.Tech,9.5,2024-03-30
435,Candidate_435,Male,MCA,7.9,2024-09-19
436,Candidate_436,Female,MCA,0.9,2024-04-17
437,Candidate_437,Male,MCA,4.2,2024-03-14
438,Candidate_438,Female,BA,8.8,2024-02-08
439,Candidate_439,Male,MBA,9.4,2024-06-07
440,Candidate_440,Female,BA,4.7,2024-03-11
441,Candidate_441,Male,MBA,6.1,2024-08-28
442,Candidate_442,Female,MCA,1.7,2024-10-24
443,Candidate_443,Male,MCA,9.9,2024-02-05
444,Candidate_444,Male,BA,2.3,2024-03-24
445,Candidate_445,Female,BA,9.4,2024-09-19
446,Candidate_446,Male,MBA,6.5,2024-06-20
447,Candidate_447,Female,B.Com,6.1,2024-06-21
448,Candidate_448,Male,MBA,5.1,2024-02-16
449,Candidate_449,Female,BA,2.3,2024-05-20
450,Candidate_450,Male,BA,1.8,2024-04-27
451,Candidate_451,Female,B.Tech,2.2,2024-10-03
452,Candidate_452,Male,BA,1.9,2024-08-01
453,Candidate_453,Female,B.Tech,7.8,2024-08-07
454,Candidate_454,Male,B.Com,3.5,2024-01-26
455,Candidate_455,Female,MBA,0.6,2024-01-09
456,Candidate_456,Female,MBA,9.7,2024-09-27
457,Candidate_457,Female,B.Tech,8.8,2024-01-10
458,Candidate_458,Male,MBA,9.3,2024-04-30
459,Candidate_459,Female,BA,9.9,2024-05-04
460,Candidate_460,Male,MCA,1.7,2024-06-18
461,Candidate_461,Female,B.Tech,4.0,2024-03-12
462,Candidate_462,Male,MBA,7.6,2024-05-31
463,Candidate_463,Female,B.Tech,7.0,2024-07-26
464,Candidate_464,Male,B.Tech,1.5,2024-02-18
465,Candidate_465,Male,MCA,8.2,2024-06-02
466,Candidate_466,Female,BA,2.2,2024-10-19
467,Candidate_467,Male,B.Tech,2.2,2024-03-08
468,Candidate_468,Male,MBA,5.4,2024-02-19
469,Candidate_469,Female,B.Com,5.9,2024-05-31
470,Candidate_470,Male,B.Tech,5.8,2024-01-19
471,Candidate_471,Male,B.Tech,0.9,2024-04-09
472,Candidate_472,Male,MCA,8.8,2024-02-29
473,Candidate_473,Female,BA,2.7,2024-06-15
474,Candidate_474,Male,B.Com,1.3,2024-07-20
475,Candidate_475,Female,MBA,8.9,2024-05-25
476,Candidate_476,Male,B.Com,9.6,2024-06-12
477,Candidate_477,Male,MBA,8.6,2024-08-29
478,Candidate_478,Male,BA,8.1,2024-03-09
479,Candidate_479,Female,MBA,6.6,2024-06-23
480,Candidate_480,Male,MCA,5.5,2024-02-18
481,Candidate_481,Male,MCA,0.9,2024-04-17
482,Candidate_482,Female,MCA,4.1,2024-08-13
483,Candidate_483,Male,MCA,3.7,2024-06-09
484,Candidate_484,Female,B.Com,2.6,2024-04-28
485,Candidate_485,Female,BA,7.2,2024-05-28
486,Candidate_486,Male,MBA,5.0,2024-05-29
487,Candidate_487,Female,MBA,0.8,2024-10-19
488,Candidate_488,Male,MCA,2.2,2024-05-22
489,Candidate_489,Female,MCA,6.8,2024-06-08
490,Candidate_490,Female,B.Tech,0.8,2024-01-11
491,Candidate_491,Male,BA,8.5,2024-05-17
492,Candidate_492,Female,B.Com,5.0,2024-03-18
493,Candidate_493,Female,MBA,4.8,2024-03-17
494,Candidate_494,Female,B.Tech,5.9,2024-09-10
495,Candidate_495,Female,B.Tech,8.2,2024-09-14
496,Candidate_496,Female,MBA,3.5,2024-10-17
497,Candidate_497,Male,B.Com,6.8,2024-09-19
498,Candidate_498,Female,B.Tech,5.7,2024-03-25
499,Candidate_499,Male,B.Tech,2.7,2024-05-25
500,Candidate_500,Female,BA,8.8,2024-02-11
