Candidate_ID,Stage_Name,Stage_Date
328,Applied,2024-07-06
58,Applied,2024-08-29
13,Applied,2024-08-02
380,Applied,2024-09-23
141,Applied,2024-09-23
126,Applied,2024-02-13
115,Applied,2024-09-07
72,Applied,2024-10-11
378,Applied,2024-05-29
53,Applied,2024-08-05
347,Applied,2024-06-12
497,Applied,2024-11-05
457,Applied,2024-01-25
280,Applied,2024-09-26
45,Applied,2024-03-06
303,Applied,2024-12-06
217,Applied,2024-09-08
17,Applied,2024-03-12
16,Applied,2024-09-17
48,Applied,2024-09-17
112,Applied,2024-03-23
120,Applied,2024-06-29
259,Applied,2024-02-27
309,Applied,2024-10-14
14,Applied,2024-03-04
288,Applied,2024-11-20
102,Applied,2024-11-11
367,Applied,2024-05-02
333,Applied,2024-01-28
360,Applied,2024-04-17
487,Applied,2024-11-28
215,Applied,2024-06-18
113,Applied,2024-08-10
230,Applied,2024-08-17
302,Applied,2024-02-12
143,Applied,2024-05-28
415,Applied,2024-10-29
446,Applied,2024-08-11
4,Applied,2024-04-15
389,Applied,2024-05-14
413,Applied,2024-09-16
82,Applied,2024-06-24
358,Applied,2024-08-12
484,Applied,2024-06-10
175,Applied,2024-02-26
465,Applied,2024-07-06
80,Applied,2024-04-24
111,Applied,2024-03-30
391,Applied,2024-06-08
173,Applied,2024-04-18
491,Applied,2024-07-14
481,Applied,2024-05-20
195,Applied,2024-01-23
50,Applied,2024-07-26
184,Applied,2024-05-08
434,Applied,2024-04-29
177,Applied,2024-04-30
310,Applied,2024-04-23
136,Applied,2024-10-10
414,Applied,2024-03-09
23,Applied,2024-03-17
374,Applied,2024-04-30
236,Applied,2024-04-11
275,Applied,2024-09-10
64,Applied,2024-08-27
194,Applied,2024-03-10
41,Applied,2024-10-05
283,Applied,2024-10-05
151,Applied,2024-06-18
425,Applied,2024-11-24
322,Applied,2024-08-05
317,Applied,2024-10-23
186,Applied,2024-03-03
296,Applied,2024-07-01
99,Applied,2024-11-22
361,Applied,2024-03-21
36,Applied,2024-03-08
24,Applied,2024-05-07
339,Applied,2024-08-04
117,Applied,2024-02-10
396,Applied,2024-05-05
149,Applied,2024-03-22
445,Applied,2024-11-01
479,Applied,2024-07-18
52,Applied,2024-02-20
448,Applied,2024-04-05
455,Applied,2024-02-06
233,Applied,2024-10-09
326,Applied,2024-10-03
187,Applied,2024-04-30
84,Applied,2024-04-02
190,Applied,2024-01-21
182,Applied,2024-08-21
108,Applied,2024-07-22
344,Applied,2024-05-14
137,Applied,2024-04-06
471,Applied,2024-06-06
350,Applied,2024-11-27
332,Applied,2024-10-19
37,Applied,2024-09-17
312,Applied,2024-08-24
412,Applied,2024-11-27
88,Applied,2024-09-28
274,Applied,2024-02-29
439,Applied,2024-07-20
495,Applied,2024-10-21
410,Applied,2024-05-18
237,Applied,2024-10-16
464,Applied,2024-03-07
139,Applied,2024-03-06
500,Applied,2024-03-04
353,Applied,2024-10-24
286,Applied,2024-02-28
468,Applied,2024-04-16
351,Applied,2024-01-14
167,Applied,2024-07-16
29,Applied,2024-11-12
118,Applied,2024-02-22
483,Applied,2024-07-22
162,Applied,2024-10-13
206,Applied,2024-05-22
138,Applied,2024-06-18
34,Applied,2024-05-20
109,Applied,2024-04-17
291,Applied,2024-06-24
368,Applied,2024-10-26
381,Applied,2024-05-25
377,Applied,2024-10-19
336,Applied,2024-07-13
256,Applied,2024-03-04
203,Applied,2024-10-21
330,Applied,2024-05-31
235,Applied,2024-09-22
74,Applied,2024-02-11
442,Applied,2024-11-14
493,Applied,2024-05-04
127,Applied,2024-07-13
475,Applied,2024-05-30
276,Applied,2024-06-15
135,Applied,2024-10-13
300,Applied,2024-06-06
220,Applied,2024-08-15
299,Applied,2024-10-27
205,Applied,2024-08-15
428,Applied,2024-04-18
387,Applied,2024-09-25
71,Applied,2024-03-13
261,Applied,2024-02-03
253,Applied,2024-09-15
47,Applied,2024-08-18
25,Applied,2024-09-18
57,Applied,2024-10-01
79,Applied,2024-06-06
430,Applied,2024-05-29
459,Applied,2024-05-16
488,Applied,2024-06-18
306,Applied,2024-06-23
33,Applied,2024-07-15
198,Applied,2024-02-17
196,Applied,2024-04-21
406,Applied,2024-03-04
240,Applied,2024-08-31
271,Applied,2024-11-08
129,Applied,2024-05-20
284,Applied,2024-10-15
6,Applied,2024-08-01
59,Applied,2024-08-17
437,Applied,2024-04-29
405,Applied,2024-10-29
329,Applied,2024-12-14
456,Applied,2024-10-29
499,Applied,2024-05-30
432,Applied,2024-04-22
223,Applied,2024-03-10
81,Applied,2024-11-25
460,Applied,2024-08-06
2,Applied,2024-07-28
431,Applied,2024-02-29
257,Applied,2024-02-10
92,Applied,2024-10-04
260,Applied,2024-05-23
55,Applied,2024-06-17
153,Applied,2024-04-16
320,Applied,2024-11-03
400,Applied,2024-01-18
474,Applied,2024-09-09
348,Applied,2024-10-03
192,Applied,2024-11-27
83,Applied,2024-08-01
277,Applied,2024-10-18
272,Applied,2024-07-23
1,Applied,2024-07-19
307,Applied,2024-02-09
166,Applied,2024-05-24
251,Applied,2024-01-31
10,Applied,2024-07-05
331,Applied,2024-05-17
356,Applied,2024-04-01
158,Applied,2024-09-14
123,Applied,2024-10-02
30,Applied,2024-09-10
124,Applied,2024-10-19
376,Applied,2024-04-13
418,Applied,2024-10-10
44,Applied,2024-09-07
249,Applied,2024-09-28
424,Applied,2024-07-11
273,Applied,2024-11-05
65,Applied,2024-01-20
66,Applied,2024-03-01
244,Applied,2024-06-25
282,Applied,2024-07-03
85,Applied,2024-03-09
366,Applied,2024-11-12
338,Applied,2024-04-18
345,Applied,2024-07-08
373,Applied,2024-05-28
311,Applied,2024-08-03
103,Applied,2024-11-06
160,Applied,2024-09-02
357,Applied,2024-04-01
313,Applied,2024-08-30
225,Applied,2024-01-10
265,Applied,2024-10-01
232,Applied,2024-05-02
62,Applied,2024-07-12
364,Applied,2024-04-20
116,Applied,2024-08-22
343,Applied,2024-09-07
174,Applied,2024-06-01
11,Applied,2024-07-26
383,Applied,2024-04-28
355,Applied,2024-03-25
462,Applied,2024-07-12
401,Applied,2024-07-02
31,Applied,2024-01-27
269,Applied,2024-08-08
35,Applied,2024-08-30
382,Applied,2024-04-21
170,Applied,2024-08-12
266,Applied,2024-06-29
122,Applied,2024-08-27
441,Applied,2024-09-06
295,Applied,2024-03-26
110,Applied,2024-02-05
452,Applied,2024-08-12
492,Applied,2024-04-01
485,Applied,2024-07-06
422,Applied,2024-07-30
226,Applied,2024-09-23
147,Applied,2024-05-21
148,Applied,2024-02-29
478,Applied,2024-05-02
63,Applied,2024-09-22
201,Applied,2024-06-23
248,Applied,2024-02-14
207,Applied,2024-07-09
105,Applied,2024-03-10
49,Applied,2024-08-15
403,Applied,2024-12-12
241,Applied,2024-10-05
169,Applied,2024-05-02
453,Applied,2024-08-26
91,Applied,2024-03-27
372,Applied,2024-04-21
106,Applied,2024-04-21
417,Applied,2024-07-06
222,Applied,2024-07-19
411,Applied,2024-10-08
476,Applied,2024-07-11
451,Applied,2024-11-22
168,Applied,2024-07-18
308,Applied,2024-09-05
26,Applied,2024-08-06
482,Applied,2024-10-06
104,Applied,2024-07-27
362,Applied,2024-07-13
87,Applied,2024-08-11
470,Applied,2024-03-07
221,Applied,2024-09-16
28,Applied,2024-01-25
436,Applied,2024-06-04
447,Applied,2024-08-09
242,Applied,2024-06-26
379,Applied,2024-04-27
494,Applied,2024-10-19
294,Applied,2024-05-23
438,Applied,2024-03-05
386,Applied,2024-04-19
365,Applied,2024-07-01
119,Applied,2024-01-28
219,Applied,2024-04-07
20,Applied,2024-02-18
114,Applied,2024-04-08
496,Applied,2024-10-20
227,Applied,2024-01-27
498,Applied,2024-05-22
385,Applied,2024-07-10
255,Applied,2024-12-02
267,Applied,2024-03-21
423,Applied,2024-08-27
193,Applied,2024-08-24
61,Applied,2024-08-08
43,Applied,2024-04-12
243,Applied,2024-10-19
125,Applied,2024-10-13
458,Applied,2024-05-03
319,Applied,2024-09-22
289,Applied,2024-05-29
340,Applied,2024-12-08
197,Applied,2024-02-24
98,Applied,2024-07-13
477,Applied,2024-09-24
100,Applied,2024-10-22
68,Applied,2024-06-07
421,Applied,2024-03-21
473,Applied,2024-07-13
213,Applied,2024-02-15
179,Applied,2024-04-06
258,Applied,2024-12-14
461,Applied,2024-03-13
392,Applied,2024-10-20
40,Applied,2024-05-10
285,Applied,2024-07-11
76,Applied,2024-02-24
56,Applied,2024-09-07
15,Applied,2024-07-02
419,Applied,2024-11-29
202,Applied,2024-04-15
191,Applied,2024-06-29
399,Applied,2024-07-12
388,Applied,2024-10-24
204,Applied,2024-07-05
150,Applied,2024-03-15
301,Applied,2024-11-07
337,Applied,2024-01-24
287,Applied,2024-03-06
297,Applied,2024-09-04
239,Applied,2024-10-14
131,Applied,2024-03-19
21,Applied,2024-06-11
449,Applied,2024-05-31
18,Applied,2024-10-28
318,Applied,2024-09-18
466,Applied,2024-11-18
342,Applied,2024-06-24
278,Applied,2024-04-29
433,Applied,2024-05-29
146,Applied,2024-08-17
209,Applied,2024-12-13
467,Applied,2024-03-10
270,Applied,2024-09-17
281,Applied,2024-09-21
407,Applied,2024-02-12
145,Applied,2024-08-07
134,Applied,2024-03-24
180,Applied,2024-09-07
67,Applied,2024-03-30
450,Applied,2024-06-06
144,Applied,2024-10-29
472,Applied,2024-03-15
352,Applied,2024-06-23
315,Applied,2024-11-23
254,Applied,2024-05-23
77,Applied,2024-11-15
264,Applied,2024-06-23
489,Applied,2024-06-26
19,Applied,2024-02-02
3,Applied,2024-04-14
323,Applied,2024-11-25
325,Applied,2024-04-02
133,Applied,2024-08-11
199,Applied,2024-09-19
292,Applied,2024-08-20
402,Applied,2024-12-17
262,Applied,2024-09-29
234,Applied,2024-05-25
486,Applied,2024-06-01
268,Applied,2024-03-25
9,Applied,2024-07-02
245,Applied,2024-10-17
32,Applied,2024-02-29
159,Applied,2024-02-11
429,Applied,2024-08-04
490,Applied,2024-03-06
349,Applied,2024-03-20
107,Applied,2024-04-28
70,Applied,2024-04-19
393,Applied,2024-01-14
39,Applied,2024-08-08
314,Applied,2024-02-12
154,Applied,2024-05-14
394,Applied,2024-04-26
172,Applied,2024-06-18
324,Applied,2024-08-02
86,Applied,2024-03-10
354,Applied,2024-05-23
238,Applied,2024-12-09
363,Applied,2024-06-26
231,Applied,2024-05-03
156,Applied,2024-07-10
395,Applied,2024-11-11
420,Applied,2024-04-17
101,Applied,2024-01-27
96,Applied,2024-03-03
183,Applied,2024-04-18
208,Applied,2024-11-19
263,Applied,2024-04-01
185,Applied,2024-09-16
78,Applied,2024-12-08
27,Applied,2024-05-14
427,Applied,2024-06-29
90,Applied,2024-03-09
346,Applied,2024-03-11
426,Applied,2024-06-23
397,Applied,2024-09-09
247,Applied,2024-04-07
443,Applied,2024-03-28
7,Applied,2024-10-12
12,Applied,2024-07-08
128,Applied,2024-09-07
214,Applied,2024-03-18
335,Applied,2024-11-03
188,Applied,2024-08-24
409,Applied,2024-06-24
408,Applied,2024-04-23
341,Applied,2024-08-08
293,Applied,2024-06-22
469,Applied,2024-06-28
95,Applied,2024-03-04
454,Applied,2024-02-24
375,Applied,2024-03-17
189,Applied,2024-02-08
305,Applied,2024-01-17
94,Applied,2024-10-06
5,Applied,2024-03-30
161,Applied,2024-10-18
38,Applied,2024-07-27
371,Applied,2024-05-03
181,Applied,2024-10-26
359,Applied,2024-08-21
121,Applied,2024-09-15
132,Applied,2024-09-14
298,Applied,2024-05-09
200,Applied,2024-06-12
51,Applied,2024-01-29
304,Applied,2024-11-22
440,Applied,2024-03-24
97,Applied,2024-06-21
89,Applied,2024-05-25
171,Applied,2024-05-17
176,Applied,2024-09-26
327,Applied,2024-08-11
142,Applied,2024-12-13
140,Applied,2024-03-08
398,Applied,2024-07-12
178,Applied,2024-09-24
155,Applied,2024-07-25
218,Applied,2024-02-06
370,Applied,2024-07-07
152,Applied,2024-04-19
228,Applied,2024-06-12
69,Applied,2024-03-29
435,Applied,2024-11-02
22,Applied,2024-06-17
279,Applied,2024-04-17
42,Applied,2024-08-27
224,Applied,2024-11-05
163,Applied,2024-04-12
130,Applied,2024-03-14
212,Applied,2024-07-18
246,Applied,2024-01-30
229,Applied,2024-04-10
250,Applied,2024-11-03
463,Applied,2024-08-18
8,Applied,2024-03-03
390,Applied,2024-10-25
290,Applied,2024-06-04
321,Applied,2024-06-12
444,Applied,2024-05-20
252,Applied,2024-05-26
211,Applied,2024-08-01
164,Applied,2024-06-02
369,Applied,2024-03-20
60,Applied,2024-11-10
480,Applied,2024-02-19
216,Applied,2024-08-19
93,Applied,2024-07-10
416,Applied,2024-11-04
404,Applied,2024-09-12
334,Applied,2024-05-29
75,Applied,2024-06-05
210,Applied,2024-05-07
316,Applied,2024-07-12
73,Applied,2024-11-07
54,Applied,2024-02-27
157,Applied,2024-07-27
46,Applied,2024-10-26
384,Applied,2024-07-27
165,Applied,2024-07-11
56,Screened,2024-09-19
306,Screened,2024-05-13
223,Screened,2024-02-08
177,Screened,2024-03-17
374,Screened,2024-05-13
403,Screened,2024-11-18
161,Screened,2024-12-09
224,Screened,2024-10-25
311,Screened,2024-07-03
262,Screened,2024-09-07
60,Screened,2024-12-08
198,Screened,2024-03-02
461,Screened,2024-04-01
296,Screened,2024-06-16
98,Screened,2024-07-14
131,Screened,2024-04-01
23,Screened,2024-02-16
363,Screened,2024-06-18
493,Screened,2024-04-23
1,Screened,2024-06-17
267,Screened,2024-02-03
474,Screened,2024-08-10
413,Screened,2024-08-22
276,Screened,2024-06-01
352,Screened,2024-06-10
369,Screened,2024-03-22
380,Screened,2024-09-25
378,Screened,2024-06-23
344,Screened,2024-06-12
101,Screened,2024-02-29
187,Screened,2024-03-30
221,Screened,2024-08-25
36,Screened,2024-03-13
341,Screened,2024-08-26
170,Screened,2024-08-20
320,Screened,2024-12-20
494,Screened,2024-10-20
340,Screened,2024-11-14
435,Screened,2024-09-26
64,Screened,2024-09-23
475,Screened,2024-06-07
154,Screened,2024-05-09
260,Screened,2024-05-08
159,Screened,2024-01-04
342,Screened,2024-05-06
210,Screened,2024-04-02
168,Screened,2024-07-17
207,Screened,2024-08-24
357,Screened,2024-05-07
152,Screened,2024-05-07
284,Screened,2024-10-17
66,Screened,2024-02-18
99,Screened,2024-10-19
216,Screened,2024-09-01
467,Screened,2024-04-08
195,Screened,2024-02-08
347,Screened,2024-06-16
384,Screened,2024-07-27
90,Screened,2024-01-24
316,Screened,2024-08-13
292,Screened,2024-08-18
155,Screened,2024-07-01
208,Screened,2024-11-14
281,Screened,2024-09-28
427,Screened,2024-06-08
481,Screened,2024-04-30
156,Screened,2024-07-28
147,Screened,2024-05-02
108,Screened,2024-07-15
469,Screened,2024-06-11
495,Screened,2024-11-12
297,Screened,2024-08-15
492,Screened,2024-05-08
336,Screened,2024-07-29
165,Screened,2024-06-13
239,Screened,2024-09-29
227,Screened,2024-03-08
424,Screened,2024-07-27
346,Screened,2024-03-01
110,Screened,2024-01-30
491,Screened,2024-06-24
243,Screened,2024-10-25
407,Screened,2024-02-04
408,Screened,2024-05-10
377,Screened,2024-11-24
87,Screened,2024-08-31
338,Screened,2024-04-27
44,Screened,2024-09-14
146,Screened,2024-07-29
264,Screened,2024-07-03
463,Screened,2024-08-10
325,Screened,2024-03-22
318,Screened,2024-09-30
172,Screened,2024-06-26
48,Screened,2024-09-01
385,Screened,2024-06-07
121,Screened,2024-08-14
345,Screened,2024-06-14
457,Screened,2024-01-20
116,Screened,2024-07-18
102,Screened,2024-10-25
76,Screened,2024-02-12
13,Screened,2024-08-04
24,Screened,2024-04-10
126,Screened,2024-02-21
244,Screened,2024-05-12
313,Screened,2024-08-03
38,Screened,2024-08-18
234,Screened,2024-05-21
213,Screened,2024-02-26
323,Screened,2024-11-28
295,Screened,2024-03-03
100,Screened,2024-10-29
368,Screened,2024-09-25
452,Screened,2024-08-12
197,Screened,2024-02-27
254,Screened,2024-04-30
205,Screened,2024-10-02
125,Screened,2024-09-12
399,Screened,2024-06-06
436,Screened,2024-06-15
353,Screened,2024-10-18
3,Screened,2024-05-22
55,Screened,2024-05-20
218,Screened,2024-02-16
113,Screened,2024-08-11
91,Screened,2024-03-28
386,Screened,2024-05-26
266,Screened,2024-07-12
238,Screened,2024-12-02
26,Screened,2024-08-13
286,Screened,2024-02-08
128,Screened,2024-08-26
63,Screened,2024-09-21
392,Screened,2024-10-02
69,Screened,2024-04-20
371,Screened,2024-04-18
456,Screened,2024-10-15
272,Screened,2024-07-09
287,Screened,2024-04-28
305,Screened,2024-02-24
163,Screened,2024-04-04
423,Screened,2024-10-21
314,Screened,2024-02-04
259,Screened,2024-02-21
219,Screened,2024-04-23
437,Screened,2024-04-27
229,Screened,2024-02-24
82,Screened,2024-06-01
395,Screened,2024-11-18
231,Screened,2024-06-03
133,Screened,2024-08-21
127,Screened,2024-07-25
327,Screened,2024-08-25
142,Screened,2024-10-25
480,Screened,2024-03-11
249,Screened,2024-08-31
321,Screened,2024-05-06
123,Screened,2024-10-06
141,Screened,2024-08-08
226,Screened,2024-08-08
40,Screened,2024-03-29
433,Screened,2024-06-20
404,Screened,2024-08-27
140,Screened,2024-02-02
418,Screened,2024-10-23
164,Screened,2024-06-14
277,Screened,2024-11-12
42,Screened,2024-08-28
71,Screened,2024-02-24
78,Screened,2024-11-26
119,Screened,2024-01-29
405,Screened,2024-11-16
79,Screened,2024-06-25
421,Screened,2024-03-17
33,Screened,2024-07-21
391,Screened,2024-05-22
209,Screened,2024-12-20
466,Screened,2024-12-17
278,Screened,2024-05-02
425,Screened,2024-11-01
324,Screened,2024-07-15
32,Screened,2024-03-26
106,Screened,2024-05-05
447,Screened,2024-07-11
200,Screened,2024-05-31
300,Screened,2024-06-16
11,Screened,2024-07-12
389,Screened,2024-05-09
445,Screened,2024-11-14
245,Screened,2024-09-19
4,Screened,2024-03-29
181,Screened,2024-10-03
153,Screened,2024-04-08
315,Screened,2024-10-04
215,Screened,2024-06-16
477,Screened,2024-10-17
280,Screened,2024-10-30
375,Screened,2024-01-21
250,Screened,2024-11-13
302,Screened,2024-03-14
479,Screened,2024-07-19
482,Screened,2024-08-24
472,Screened,2024-03-08
15,Screened,2024-06-25
499,Screened,2024-07-04
173,Screened,2024-05-28
438,Screened,2024-03-01
85,Screened,2024-02-11
240,Screened,2024-07-12
449,Screened,2024-06-18
274,Screened,2024-02-19
14,Screened,2024-02-02
202,Screened,2024-03-25
288,Screened,2024-10-27
43,Screened,2024-03-20
220,Screened,2024-09-15
70,Screened,2024-04-22
237,Screened,2024-10-04
94,Screened,2024-10-29
370,Screened,2024-07-20
134,Screened,2024-03-19
428,Screened,2024-05-01
454,Screened,2024-03-11
109,Screened,2024-05-31
233,Screened,2024-10-23
333,Screened,2024-03-04
294,Screened,2024-06-16
343,Screened,2024-09-01
143,Screened,2024-06-03
441,Screened,2024-09-20
130,Screened,2024-04-05
332,Screened,2024-08-30
241,Screened,2024-10-07
10,Screened,2024-08-08
27,Screened,2024-04-06
180,Screened,2024-08-28
115,Screened,2024-08-28
468,Screened,2024-03-07
21,Screened,2024-07-25
16,Screened,2024-09-22
348,Screened,2024-10-13
103,Screened,2024-11-23
394,Screened,2024-04-02
444,Screened,2024-04-08
62,Screened,2024-07-13
409,Screened,2024-06-18
122,Screened,2024-08-23
335,Screened,2024-11-05
30,Screened,2024-08-31
145,Screened,2024-09-09
419,Screened,2024-12-08
500,Screened,2024-04-06
120,Screened,2024-06-13
411,Screened,2024-11-25
290,Screened,2024-05-03
328,Screened,2024-08-07
95,Screened,2024-03-28
285,Screened,2024-07-18
434,Screened,2024-04-18
430,Screened,2024-07-10
192,Screened,2024-11-03
184,Screened,2024-05-24
251,Screened,2024-02-27
312,Screened,2024-07-04
455,Screened,2024-02-22
268,Screened,2024-05-03
80,Screened,2024-04-18
28,Screened,2024-03-11
149,Screened,2024-04-05
7,Screened,2024-11-14
275,Screened,2024-08-20
148,Screened,2024-03-05
174,Screened,2024-05-12
97,Screened,2024-07-12
400,Screened,2024-03-04
364,Screened,2024-04-13
51,Screened,2024-02-23
20,Screened,2024-02-12
451,Screened,2024-10-06
497,Screened,2024-10-26
319,Screened,2024-11-03
464,Screened,2024-03-29
367,Screened,2024-03-21
265,Screened,2024-09-27
179,Screened,2024-03-25
489,Screened,2024-08-03
330,Screened,2024-06-22
176,Screened,2024-10-28
459,Screened,2024-05-15
453,Screened,2024-09-22
31,Screened,2024-01-21
204,Screened,2024-07-20
301,Screened,2024-11-18
201,Screened,2024-07-21
257,Screened,2024-01-12
89,Screened,2024-05-10
137,Screened,2024-05-02
326,Screened,2024-09-28
322,Screened,2024-09-09
429,Screened,2024-06-19
18,Screened,2024-10-07
269,Screened,2024-07-17
166,Screened,2024-05-19
88,Screened,2024-09-18
309,Screened,2024-09-23
432,Screened,2024-03-21
396,Screened,2024-05-27
232,Screened,2024-05-02
111,Screened,2024-04-26
93,Screened,2024-06-19
359,Screened,2024-09-04
118,Screened,2024-03-09
182,Screened,2024-07-18
339,Screened,2024-06-25
112,Screened,2024-02-27
46,Screened,2024-11-28
279,Screened,2024-04-13
167,Screened,2024-08-09
283,Screened,2024-11-17
158,Screened,2024-09-30
138,Screened,2024-06-19
124,Screened,2024-09-30
247,Screened,2024-02-19
185,Screened,2024-10-17
431,Screened,2024-02-17
365,Screened,2024-07-18
83,Screened,2024-07-28
217,Screened,2024-10-13
484,Screened,2024-06-15
72,Screened,2024-09-05
401,Screened,2024-05-29
252,Screened,2024-04-10
329,Screened,2024-12-14
412,Screened,2024-11-18
157,Screened,2024-08-20
486,Screened,2024-07-10
415,Screened,2024-11-23
8,Screened,2024-04-09
356,Screened,2024-04-20
84,Screened,2024-05-16
47,Screened,2024-09-08
382,Screened,2024-04-08
416,Screened,2024-10-12
496,Screened,2024-11-08
67,Screened,2024-02-15
196,Screened,2024-04-21
206,Screened,2024-06-15
331,Screened,2024-05-23
271,Screened,2024-11-07
473,Screened,2024-06-27
349,Screened,2024-04-25
49,Screened,2024-08-23
22,Screened,2024-06-21
255,Screened,2024-12-05
105,Screened,2024-02-11
193,Screened,2024-07-21
151,Screened,2024-08-02
351,Screened,2024-02-09
253,Screened,2024-09-09
144,Screened,2024-10-10
263,Screened,2024-04-25
5,Screened,2024-03-08
397,Screened,2024-09-17
381,Screened,2024-06-11
57,Screened,2024-10-22
104,Screened,2024-08-22
289,Screened,2024-05-21
256,Screened,2024-02-01
236,Screened,2024-03-19
446,Screened,2024-07-06
293,Screened,2024-06-22
304,Screened,2024-10-23
96,Screened,2024-02-28
175,Screened,2024-02-16
242,Screened,2024-05-23
298,Screened,2024-04-24
442,Screened,2024-12-20
59,Screened,2024-07-28
35,Screened,2024-10-07
186,Screened,2024-01-25
443,Screened,2024-02-21
282,Screened,2024-07-06
458,Screened,2024-06-08
190,Screened,2024-01-07
25,Screened,2024-11-12
41,Screened,2024-09-14
117,Screened,2024-02-25
376,Screened,2024-05-01
358,Screened,2024-08-20
334,Screened,2024-06-22
129,Screened,2024-05-13
203,Screened,2024-10-13
139,Screened,2024-03-09
465,Screened,2024-06-08
485,Screened,2024-06-16
422,Screened,2024-06-18
420,Screened,2024-04-18
169,Screened,2024-04-25
136,Screened,2024-10-14
390,Technical,2024-10-24
269,Technical,2024-08-04
306,Technical,2024-05-02
145,Technical,2024-09-09
52,Technical,2024-01-20
427,Technical,2024-06-17
100,Technical,2024-10-19
152,Technical,2024-04-21
117,Technical,2024-03-23
185,Technical,2024-10-15
92,Technical,2024-10-26
155,Technical,2024-07-22
8,Technical,2024-03-13
363,Technical,2024-08-09
274,Technical,2024-02-09
65,Technical,2024-01-10
141,Technical,2024-09-01
24,Technical,2024-03-25
28,Technical,2024-02-26
284,Technical,2024-11-13
150,Technical,2024-03-20
358,Technical,2024-08-23
485,Technical,2024-06-19
327,Technical,2024-08-03
445,Technical,2024-10-27
386,Technical,2024-04-10
252,Technical,2024-06-03
53,Technical,2024-07-19
447,Technical,2024-08-17
7,Technical,2024-10-01
294,Technical,2024-05-13
146,Technical,2024-07-29
241,Technical,2024-10-07
246,Technical,2024-01-28
226,Technical,2024-08-10
175,Technical,2024-03-08
95,Technical,2024-03-10
27,Technical,2024-05-05
130,Technical,2024-05-10
442,Technical,2024-11-24
245,Technical,2024-09-22
59,Technical,2024-06-28
421,Technical,2024-03-19
34,Technical,2024-05-17
206,Technical,2024-06-08
474,Technical,2024-08-20
38,Technical,2024-07-27
296,Technical,2024-08-01
323,Technical,2024-10-31
352,Technical,2024-07-04
482,Technical,2024-09-04
78,Technical,2024-10-15
77,Technical,2024-10-10
416,Technical,2024-11-17
289,Technical,2024-06-11
156,Technical,2024-07-29
44,Technical,2024-09-27
128,Technical,2024-08-21
61,Technical,2024-09-12
286,Technical,2024-01-14
392,Technical,2024-10-08
214,Technical,2024-04-22
311,Technical,2024-07-15
498,Technical,2024-04-27
405,Technical,2024-09-28
317,Technical,2024-09-13
116,Technical,2024-07-12
398,Technical,2024-06-19
268,Technical,2024-03-30
195,Technical,2024-03-10
231,Technical,2024-04-13
227,Technical,2024-03-10
153,Technical,2024-04-22
302,Technical,2024-03-05
220,Technical,2024-08-17
157,Technical,2024-09-04
292,Technical,2024-07-30
318,Technical,2024-08-11
31,Technical,2024-03-12
313,Technical,2024-08-19
379,Technical,2024-05-15
51,Technical,2024-03-16
391,Technical,2024-05-02
107,Technical,2024-04-08
321,Technical,2024-06-11
109,Technical,2024-05-21
136,Technical,2024-10-28
339,Technical,2024-07-18
42,Technical,2024-08-27
81,Technical,2024-12-08
123,Technical,2024-10-01
89,Technical,2024-05-25
283,Technical,2024-10-20
39,Technical,2024-06-28
411,Technical,2024-11-06
2,Technical,2024-07-25
210,Technical,2024-04-04
430,Technical,2024-06-26
353,Technical,2024-12-02
305,Technical,2024-01-30
468,Technical,2024-04-05
480,Technical,2024-03-19
17,Technical,2024-03-03
119,Technical,2024-01-28
148,Technical,2024-03-24
362,Technical,2024-06-30
497,Technical,2024-10-19
360,Technical,2024-03-24
233,Technical,2024-10-24
37,Technical,2024-10-04
451,Technical,2024-10-20
120,Technical,2024-07-11
414,Technical,2024-03-10
472,Technical,2024-04-21
495,Technical,2024-09-29
413,Technical,2024-07-30
102,Technical,2024-11-21
218,Technical,2024-02-14
459,Technical,2024-06-17
279,Technical,2024-05-03
434,Technical,2024-05-22
332,Technical,2024-09-13
448,Technical,2024-04-08
137,Technical,2024-05-04
73,Technical,2024-11-13
418,Technical,2024-11-27
422,Technical,2024-07-27
85,Technical,2024-01-31
158,Technical,2024-10-22
401,Technical,2024-06-28
424,Technical,2024-06-05
396,Technical,2024-06-09
225,Technical,2024-02-08
64,Technical,2024-08-25
240,Technical,2024-08-07
402,Technical,2024-11-04
476,Technical,2024-06-21
359,Technical,2024-08-11
207,Technical,2024-07-16
140,Technical,2024-01-23
257,Technical,2024-02-04
277,Technical,2024-11-10
253,Technical,2024-09-10
368,Technical,2024-10-28
412,Technical,2024-12-14
307,Technical,2024-02-12
21,Technical,2024-06-16
222,Technical,2024-07-04
166,Technical,2024-04-24
310,Technical,2024-02-29
129,Technical,2024-06-08
14,Technical,2024-02-16
47,Technical,2024-08-25
118,Technical,2024-04-06
346,Technical,2024-02-06
295,Technical,2024-03-23
301,Technical,2024-12-01
11,Technical,2024-08-09
138,Technical,2024-07-01
453,Technical,2024-09-09
354,Technical,2024-06-22
90,Technical,2024-03-19
400,Technical,2024-02-10
266,Technical,2024-06-14
334,Technical,2024-05-29
429,Technical,2024-07-16
143,Technical,2024-05-04
93,Technical,2024-07-21
300,Technical,2024-05-15
224,Technical,2024-11-10
326,Technical,2024-09-29
455,Technical,2024-02-16
348,Technical,2024-09-25
338,Technical,2024-05-10
179,Technical,2024-04-01
404,Technical,2024-10-08
171,Technical,2024-05-09
165,Technical,2024-07-13
54,Technical,2024-03-11
83,Technical,2024-07-28
169,Technical,2024-05-20
211,Technical,2024-08-09
254,Technical,2024-04-20
369,Technical,2024-05-05
456,Technical,2024-10-18
282,Technical,2024-07-02
19,Technical,2024-02-02
440,Technical,2024-04-20
46,Technical,2024-10-23
162,Technical,2024-09-28
462,Technical,2024-06-28
500,Technical,2024-04-10
60,Technical,2024-10-28
395,Technical,2024-10-14
264,Technical,2024-05-28
1,Technical,2024-07-21
278,Technical,2024-04-27
237,Technical,2024-10-16
212,Technical,2024-05-31
450,Technical,2024-06-04
97,Technical,2024-08-04
337,Technical,2024-02-11
186,Technical,2024-02-27
256,Technical,2024-03-06
335,Technical,2024-09-24
463,Technical,2024-08-17
105,Technical,2024-02-22
377,Technical,2024-11-23
315,Technical,2024-11-14
68,Technical,2024-06-18
435,Technical,2024-11-16
357,Technical,2024-04-12
249,Technical,2024-10-03
63,Technical,2024-11-04
15,Technical,2024-06-13
410,Technical,2024-05-20
82,Technical,2024-06-19
160,Technical,2024-09-17
488,Technical,2024-07-16
209,Technical,2024-12-11
48,Technical,2024-09-17
380,Technical,2024-09-27
382,Technical,2024-04-09
303,Technical,2024-11-23
461,Technical,2024-04-21
79,Technical,2024-07-31
297,Technical,2024-09-22
399,Technical,2024-06-29
261,Technical,2024-01-15
361,Technical,2024-04-24
213,Technical,2024-02-24
248,Technical,2024-03-09
242,Technical,2024-06-13
125,Technical,2024-09-17
234,Technical,2024-05-08
75,Technical,2024-04-16
197,Technical,2024-02-05
98,Technical,2024-06-27
272,Technical,2024-08-01
70,Technical,2024-03-02
36,Technical,2024-02-24
142,Technical,2024-11-28
270,Technical,2024-09-12
465,Technical,2024-06-11
293,Technical,2024-07-30
319,Technical,2024-09-23
371,Technical,2024-06-02
376,Technical,2024-04-03
298,Technical,2024-05-18
378,Technical,2024-06-01
215,Technical,2024-07-04
151,Technical,2024-06-22
149,Technical,2024-04-30
320,Technical,2024-11-19
126,Technical,2024-02-12
365,Technical,2024-06-27
407,Technical,2024-03-19
115,Technical,2024-08-10
342,Technical,2024-06-21
124,Technical,2024-10-04
409,Technical,2024-05-05
86,Technical,2024-02-22
259,Technical,2024-03-01
196,Technical,2024-05-06
271,Technical,2024-09-27
420,Technical,2024-03-11
492,Technical,2024-03-21
387,Technical,2024-09-04
223,Technical,2024-01-29
49,Technical,2024-08-09
330,Technical,2024-07-27
62,Technical,2024-07-09
147,Technical,2024-04-13
99,Technical,2024-11-25
308,Technical,2024-07-31
426,Technical,2024-06-19
199,Technical,2024-09-11
106,Technical,2024-04-22
12,Technical,2024-07-26
481,Technical,2024-05-31
191,Technical,2024-06-01
122,Technical,2024-09-09
181,Technical,2024-10-24
208,Technical,2024-11-06
263,Technical,2024-04-24
341,Technical,2024-08-30
170,Technical,2024-07-12
203,Technical,2024-09-06
255,Technical,2024-11-16
167,Technical,2024-07-16
244,Technical,2024-06-02
127,Technical,2024-08-01
10,Technical,2024-08-12
33,Technical,2024-07-21
350,Technical,2024-10-16
493,Technical,2024-05-10
373,Technical,2024-06-05
26,Technical,2024-07-26
113,Technical,2024-07-22
258,Technical,2024-10-22
270,HR,2024-10-13
467,HR,2024-03-29
234,HR,2024-05-21
8,HR,2024-03-05
370,HR,2024-07-26
74,HR,2024-02-25
210,HR,2024-04-13
446,HR,2024-07-11
336,HR,2024-07-08
80,HR,2024-05-06
39,HR,2024-07-19
241,HR,2024-09-17
401,HR,2024-07-09
136,HR,2024-11-27
174,HR,2024-06-17
320,HR,2024-12-16
355,HR,2024-03-08
204,HR,2024-08-06
333,HR,2024-02-02
42,HR,2024-09-01
437,HR,2024-04-07
169,HR,2024-05-26
480,HR,2024-04-16
346,HR,2024-01-31
440,HR,2024-03-17
274,HR,2024-02-28
195,HR,2024-02-24
163,HR,2024-05-04
321,HR,2024-06-18
368,HR,2024-10-18
455,HR,2024-02-01
389,HR,2024-04-15
250,HR,2024-11-04
447,HR,2024-07-09
278,HR,2024-04-10
19,HR,2024-02-28
317,HR,2024-10-03
36,HR,2024-02-08
121,HR,2024-09-18
324,HR,2024-07-26
351,HR,2024-01-04
148,HR,2024-03-21
117,HR,2024-03-14
383,HR,2024-03-26
47,HR,2024-08-08
223,HR,2024-03-16
51,HR,2024-03-06
390,HR,2024-10-01
325,HR,2024-04-03
361,HR,2024-03-24
499,HR,2024-05-30
52,HR,2024-03-10
228,HR,2024-07-15
86,HR,2024-03-20
356,HR,2024-05-03
154,HR,2024-05-08
15,HR,2024-07-07
24,HR,2024-05-20
167,HR,2024-08-26
408,HR,2024-05-24
29,HR,2024-11-19
151,HR,2024-06-13
184,HR,2024-04-29
192,HR,2024-12-21
221,HR,2024-09-17
75,HR,2024-04-10
126,HR,2024-01-10
272,HR,2024-07-22
211,HR,2024-09-18
290,HR,2024-05-16
350,HR,2024-10-26
406,HR,2024-03-11
93,HR,2024-07-09
88,HR,2024-09-04
90,HR,2024-02-29
41,HR,2024-09-15
313,HR,2024-08-06
196,HR,2024-05-25
318,HR,2024-08-11
430,HR,2024-07-18
124,HR,2024-09-20
255,HR,2024-12-21
299,HR,2024-10-07
495,HR,2024-09-23
119,HR,2024-02-23
237,HR,2024-10-19
327,HR,2024-08-29
131,HR,2024-03-25
236,HR,2024-05-01
413,HR,2024-09-06
342,HR,2024-06-01
5,HR,2024-04-23
239,HR,2024-09-30
459,HR,2024-06-25
347,HR,2024-06-09
280,HR,2024-10-04
81,HR,2024-10-15
38,HR,2024-08-30
227,HR,2024-02-11
177,HR,2024-04-22
301,HR,2024-11-25
445,HR,2024-11-05
328,HR,2024-06-27
218,HR,2024-02-05
354,HR,2024-07-17
129,HR,2024-06-07
498,HR,2024-05-18
155,HR,2024-07-08
102,HR,2024-10-21
197,HR,2024-01-27
248,HR,2024-02-07
55,HR,2024-05-21
122,HR,2024-08-31
423,HR,2024-09-30
293,HR,2024-07-28
438,HR,2024-02-24
295,HR,2024-02-21
152,HR,2024-05-06
359,HR,2024-07-27
457,HR,2024-01-27
12,HR,2024-07-27
338,HR,2024-04-21
203,HR,2024-09-07
141,HR,2024-08-21
409,HR,2024-06-03
431,HR,2024-01-19
352,HR,2024-07-13
26,HR,2024-08-07
311,HR,2024-07-24
419,HR,2024-10-22
147,HR,2024-05-02
118,HR,2024-04-01
372,HR,2024-04-25
181,HR,2024-11-06
113,HR,2024-06-30
326,HR,2024-08-25
98,HR,2024-08-04
422,HR,2024-07-02
395,HR,2024-10-21
348,HR,2024-10-07
379,HR,2024-04-29
349,HR,2024-05-08
71,HR,2024-03-22
322,HR,2024-09-08
50,HR,2024-07-16
357,HR,2024-04-04
331,HR,2024-05-27
21,HR,2024-08-05
159,HR,2024-02-20
226,HR,2024-08-30
18,HR,2024-09-30
297,HR,2024-08-28
187,HR,2024-04-19
68,HR,2024-06-29
456,HR,2024-10-02
381,HR,2024-06-17
168,HR,2024-07-04
213,HR,2024-02-12
426,HR,2024-05-21
103,HR,2024-11-25
429,HR,2024-07-26
277,HR,2024-10-14
188,HR,2024-07-30
433,HR,2024-05-28
257,HR,2024-02-28
140,HR,2024-01-25
85,HR,2024-02-05
132,HR,2024-08-05
247,HR,2024-02-16
345,HR,2024-07-07
486,HR,2024-07-23
59,HR,2024-07-08
240,HR,2024-07-23
490,HR,2024-02-23
73,HR,2024-11-27
116,HR,2024-08-12
483,HR,2024-07-14
286,HR,2024-01-18
360,HR,2024-04-07
477,HR,2024-09-17
378,HR,2024-05-28
497,HR,2024-10-25
487,HR,2024-11-23
275,HR,2024-08-14
64,HR,2024-10-11
233,HR,2024-10-24
189,HR,2024-03-06
135,HR,2024-11-12
300,HR,2024-06-02
387,HR,2024-08-28
191,HR,2024-05-13
56,HR,2024-09-09
120,HR,2024-07-21
242,HR,2024-05-05
13,HR,2024-08-10
288,HR,2024-11-11
344,HR,2024-05-29
114,HR,2024-03-03
33,HR,2024-06-09
238,HR,2024-12-18
393,HR,2024-01-17
494,HR,2024-10-17
60,HR,2024-11-28
72,HR,2024-08-28
443,HR,2024-03-23
20,HR,2024-01-27
156,HR,2024-07-19
253,HR,2024-10-25
298,HR,2024-05-03
493,HR,2024-04-14
462,HR,2024-06-16
276,HR,2024-05-01
70,HR,2024-04-12
199,HR,2024-09-25
315,HR,2024-10-30
190,HR,2024-02-04
339,HR,2024-08-07
215,HR,2024-05-12
491,HR,2024-06-17
343,HR,2024-08-08
454,HR,2024-03-20
251,HR,2024-01-16
209,HR,2024-11-19
144,HR,2024-10-08
17,HR,2024-03-28
354,Final,2024-06-21
190,Final,2024-01-12
112,Final,2024-03-06
228,Final,2024-07-15
497,Final,2024-09-21
487,Final,2024-10-27
121,Final,2024-08-16
438,Final,2024-04-04
186,Final,2024-02-20
51,Final,2024-03-08
352,Final,2024-07-04
189,Final,2024-03-04
279,Final,2024-05-29
462,Final,2024-06-16
331,Final,2024-06-09
184,Final,2024-05-20
32,Final,2024-02-25
204,Final,2024-07-29
142,Final,2024-11-02
98,Final,2024-07-31
63,Final,2024-09-12
435,Final,2024-11-11
422,Final,2024-07-04
233,Final,2024-10-15
47,Final,2024-08-17
340,Final,2024-11-28
109,Final,2024-05-17
329,Final,2024-11-12
328,Final,2024-07-01
306,Final,2024-05-28
11,Final,2024-07-15
26,Final,2024-09-18
403,Final,2024-12-23
171,Final,2024-06-16
125,Final,2024-09-28
65,Final,2024-01-11
468,Final,2024-03-19
290,Final,2024-05-09
106,Final,2024-03-18
36,Final,2024-02-18
425,Final,2024-11-28
392,Final,2024-10-09
284,Final,2024-10-05
107,Final,2024-04-09
301,Final,2024-12-16
111,Final,2024-04-20
417,Final,2024-05-29
446,Final,2024-07-27
120,Final,2024-06-11
169,Final,2024-04-19
397,Final,2024-08-14
76,Final,2024-03-27
404,Final,2024-10-10
471,Final,2024-06-07
2,Final,2024-06-19
482,Final,2024-09-24
440,Final,2024-03-22
75,Final,2024-05-21
67,Final,2024-02-19
277,Final,2024-10-28
129,Final,2024-04-30
409,Final,2024-04-30
90,Final,2024-02-07
57,Final,2024-11-06
339,Final,2024-07-12
14,Final,2024-01-12
68,Final,2024-06-14
8,Final,2024-03-07
485,Final,2024-07-23
405,Final,2024-10-03
448,Final,2024-03-22
122,Final,2024-08-15
302,Final,2024-01-21
166,Final,2024-05-02
9,Final,2024-07-21
493,Final,2024-05-04
136,Final,2024-11-24
27,Final,2024-03-28
465,Final,2024-06-15
380,Final,2024-09-28
216,Final,2024-08-31
270,Final,2024-08-19
59,Final,2024-07-02
382,Final,2024-03-17
33,Final,2024-06-26
244,Final,2024-05-24
230,Final,2024-07-28
399,Final,2024-06-19
492,Final,2024-05-06
263,Final,2024-05-22
304,Final,2024-11-21
56,Final,2024-08-06
232,Final,2024-05-07
258,Final,2024-10-29
114,Final,2024-03-09
315,Final,2024-11-18
23,Final,2024-02-13
373,Final,2024-06-27
402,Final,2024-12-10
338,Final,2024-04-18
267,Final,2024-02-27
155,Final,2024-06-21
235,Final,2024-09-12
330,Final,2024-07-03
16,Final,2024-10-06
484,Final,2024-06-23
246,Final,2024-03-06
206,Final,2024-06-14
219,Final,2024-04-27
490,Final,2024-01-21
439,Final,2024-06-21
252,Final,2024-05-21
365,Final,2024-08-20
496,Final,2024-12-02
38,Final,2024-09-02
42,Final,2024-09-10
165,Final,2024-07-27
312,Final,2024-08-07
449,Final,2024-06-14
34,Final,2024-05-06
478,Final,2024-04-13
141,Final,2024-09-25
320,Final,2024-12-12
325,Final,2024-03-13
300,Final,2024-05-19
281,Final,2024-10-18
388,Final,2024-10-28
167,Final,2024-07-23
196,Final,2024-04-17
447,Final,2024-07-12
272,Final,2024-07-04
151,Final,2024-07-23
477,Final,2024-09-05
259,Final,2024-04-05
310,Final,2024-03-16
221,Final,2024-08-02
491,Final,2024-05-29
360,Final,2024-04-29
418,Final,2024-11-12
336,Final,2024-06-23
334,Final,2024-07-01
283,Final,2024-11-30
455,Final,2024-01-20
374,Final,2024-04-27
408,Final,2024-06-04
117,Final,2024-03-15
212,Final,2024-06-16
174,Final,2024-06-06
368,Final,2024-10-24
205,Final,2024-10-06
213,Final,2024-03-03
49,Final,2024-08-22
161,Final,2024-10-21
459,Final,2024-06-30
348,Final,2024-10-02
341,Final,2024-08-23
131,Final,2024-04-20
192,Final,2024-12-09
79,Final,2024-07-23
243,Final,2024-11-05
35,Final,2024-09-01
476,Final,2024-06-25
44,Final,2024-08-13
48,Final,2024-10-07
222,Final,2024-07-31
50,Final,2024-07-12
191,Final,2024-06-01
442,Final,2024-12-22
285,Final,2024-07-16
31,Final,2024-02-09
456,Final,2024-10-12
288,Final,2024-10-18
473,Final,2024-06-22
451,Final,2024-11-19
480,Final,2024-04-13
211,Offer,2024-09-13
182,Offer,2024-08-05
448,Offer,2024-02-28
341,Offer,2024-07-24
482,Offer,2024-09-25
385,Offer,2024-06-08
217,Offer,2024-09-16
445,Offer,2024-11-14
469,Offer,2024-07-06
370,Offer,2024-06-28
27,Offer,2024-03-25
148,Offer,2024-02-15
308,Offer,2024-08-11
160,Offer,2024-08-28
181,Offer,2024-10-26
54,Offer,2024-02-19
296,Offer,2024-07-28
260,Offer,2024-05-19
109,Offer,2024-05-19
80,Offer,2024-03-27
337,Offer,2024-02-11
247,Offer,2024-03-10
115,Offer,2024-08-09
434,Offer,2024-04-15
56,Offer,2024-08-11
180,Offer,2024-08-01
433,Offer,2024-05-18
285,Offer,2024-08-03
189,Offer,2024-03-14
59,Offer,2024-07-30
391,Offer,2024-05-18
143,Offer,2024-04-14
294,Offer,2024-05-14
116,Offer,2024-08-04
414,Offer,2024-04-07
220,Offer,2024-09-09
474,Offer,2024-09-10
288,Offer,2024-10-29
393,Offer,2024-01-16
420,Offer,2024-04-03
319,Offer,2024-09-28
315,Offer,2024-11-08
346,Offer,2024-02-22
330,Offer,2024-07-24
286,Offer,2024-02-22
14,Offer,2024-02-05
312,Offer,2024-07-17
480,Offer,2024-03-14
425,Offer,2024-10-23
356,Offer,2024-04-14
137,Offer,2024-04-06
15,Offer,2024-06-03
93,Offer,2024-06-27
140,Offer,2024-01-27
360,Offer,2024-03-21
470,Offer,2024-01-24
159,Offer,2024-02-25
174,Offer,2024-06-07
475,Offer,2024-06-24
4,Offer,2024-04-13
498,Offer,2024-04-13
74,Offer,2024-01-27
290,Offer,2024-05-20
453,Offer,2024-08-20
206,Offer,2024-06-10
36,Offer,2024-03-11
73,Offer,2024-11-09
380,Offer,2024-09-05
325,Offer,2024-03-01
16,Offer,2024-10-13
47,Offer,2024-09-04
383,Offer,2024-05-02
272,Offer,2024-07-18
111,Offer,2024-03-28
193,Offer,2024-08-14
215,Offer,2024-06-30
233,Offer,2024-09-25
175,Offer,2024-02-16
81,Offer,2024-10-20
190,Offer,2024-02-24
487,Offer,2024-12-05
491,Offer,2024-06-01
167,Offer,2024-09-07
398,Offer,2024-06-22
291,Offer,2024-07-02
306,Offer,2024-05-30
44,Offer,2024-08-13
490,Offer,2024-03-01
481,Offer,2024-05-05
422,Offer,2024-06-10
387,Offer,2024-08-31
317,Offer,2024-09-21
26,Offer,2024-08-04
458,Offer,2024-06-06
42,Offer,2024-09-02
447,Offer,2024-08-18
227,Offer,2024-01-24
339,Offer,2024-07-22
218,Offer,2024-03-19
249,Offer,2024-09-15
311,Offer,2024-06-22
404,Offer,2024-09-26
213,Offer,2024-02-15
405,Offer,2024-11-08
427,Offer,2024-06-23
410,Offer,2024-05-10
263,Offer,2024-03-28
471,Offer,2024-04-28
177,Offer,2024-04-24
221,Offer,2024-08-30
57,Offer,2024-10-27
146,Offer,2024-08-01
348,Offer,2024-10-15
388,Offer,2024-11-07
304,Offer,2024-11-11
250,Offer,2024-10-27
270,Offer,2024-09-16
342,Offer,2024-06-20
158,Offer,2024-09-30
24,Offer,2024-03-24
113,Offer,2024-08-20
203,Offer,2024-10-16
307,Offer,2024-02-14
29,Offer,2024-10-23
441,Offer,2024-08-30
105,Offer,2024-02-20
155,Offer,2024-06-13
496,Offer,2024-11-18
71,Offer,2024-02-11
131,Offer,2024-03-20
149,Offer,2024-05-01
168,Offer,2024-07-23
62,Offer,2024-08-04
376,Offer,2024-04-22
255,Offer,2024-12-06
493,Offer,2024-04-10
90,Offer,2024-01-22
67,Offer,2024-02-13
195,Offer,2024-03-07
273,Offer,2024-11-03
118,Offer,2024-02-19
257,Offer,2024-01-09
287,Offer,2024-03-30
343,Offer,2024-09-21
499,Offer,2024-07-14
37,Offer,2024-08-22
204,Offer,2024-07-22
22,Offer,2024-06-23
224,Offer,2024-11-21
10,Offer,2024-06-29
236,Joined,2024-04-03
472,Joined,2024-04-01
40,Joined,2024-03-15
442,Joined,2024-12-10
161,Joined,2024-11-12
295,Joined,2024-04-06
220,Joined,2024-09-05
294,Joined,2024-05-06
208,Joined,2024-10-16
364,Joined,2024-05-10
328,Joined,2024-07-20
214,Joined,2024-03-03
149,Joined,2024-04-29
59,Joined,2024-07-12
492,Joined,2024-04-13
11,Joined,2024-07-20
167,Joined,2024-08-21
88,Joined,2024-10-12
411,Joined,2024-11-19
317,Joined,2024-09-09
500,Joined,2024-03-27
426,Joined,2024-05-18
354,Joined,2024-06-02
471,Joined,2024-04-12
186,Joined,2024-02-18
46,Joined,2024-10-31
224,Joined,2024-12-07
433,Joined,2024-07-04
55,Joined,2024-05-01
125,Joined,2024-10-03
474,Joined,2024-08-05
302,Joined,2024-01-22
206,Joined,2024-06-21
269,Joined,2024-07-11
41,Joined,2024-09-09
203,Joined,2024-10-02
446,Joined,2024-07-18
159,Joined,2024-01-27
382,Joined,2024-04-06
174,Joined,2024-05-12
114,Joined,2024-04-01
171,Joined,2024-06-10
399,Joined,2024-07-04
87,Joined,2024-07-26
498,Joined,2024-05-20
262,Joined,2024-09-28
325,Joined,2024-04-02
487,Joined,2024-11-30
272,Joined,2024-07-29
455,Joined,2024-02-15
100,Joined,2024-11-29
398,Joined,2024-06-18
179,Joined,2024-03-26
180,Joined,2024-08-13
373,Joined,2024-07-07
420,Joined,2024-03-12
331,Joined,2024-06-24
418,Joined,2024-11-13
76,Joined,2024-03-06
121,Joined,2024-09-19
53,Joined,2024-07-27
75,Joined,2024-05-12
132,Joined,2024-08-24
102,Joined,2024-10-26
89,Joined,2024-04-26
309,Joined,2024-09-03
79,Joined,2024-06-17
390,Joined,2024-11-02
389,Joined,2024-04-20
336,Joined,2024-06-17
39,Joined,2024-07-07
91,Joined,2024-04-02
396,Joined,2024-05-06
322,Joined,2024-09-05
253,Joined,2024-10-23
238,Joined,2024-11-24
387,Joined,2024-09-28
289,Joined,2024-05-20
473,Joined,2024-07-24
297,Joined,2024-07-27
230,Joined,2024-06-26
349,Joined,2024-05-06
290,Joined,2024-05-22
330,Joined,2024-06-23
326,Joined,2024-10-03
320,Joined,2024-11-21
166,Joined,2024-04-14
427,Joined,2024-06-23
162,Joined,2024-10-16
78,Joined,2024-10-25
226,Joined,2024-08-09
35,Joined,2024-09-18
241,Joined,2024-09-17
227,Joined,2024-02-01
324,Joined,2024-08-09
156,Joined,2024-07-07
141,Joined,2024-08-24
303,Joined,2024-11-16
29,Joined,2024-11-14
181,Joined,2024-10-11
260,Joined,2024-04-30
38,Joined,2024-08-21
463,Joined,2024-08-09
237,Joined,2024-10-25
232,Joined,2024-05-02
20,Joined,2024-02-16
30,Joined,2024-08-25
189,Joined,2024-02-25
147,Joined,2024-05-25
456,Joined,2024-10-09
444,Joined,2024-04-15
47,Joined,2024-09-08
315,Joined,2024-10-08
305,Joined,2024-02-06
400,Joined,2024-02-26
197,Joined,2024-02-17
397,Joined,2024-08-30
298,Joined,2024-05-01
284,Joined,2024-10-06
379,Joined,2024-05-04
22,Joined,2024-08-01
231,Joined,2024-04-30
293,Joined,2024-07-15
334,Joined,2024-06-10
97,Joined,2024-07-25
